office_id,month,channel,spend
DET,2013-01-01,TV,26649.94
DET,2013-01-01,Digital,24885.02
DET,2013-01-01,Billboard & radio,11672.13
DET,2013-01-01,Sponsorships,11779.07
DET,2013-02-01,TV,23689.27
DET,2013-02-01,Digital,24540.89
DET,2013-02-01,Billboard & radio,11321.91
DET,2013-02-01,Sponsorships,11072.11
DET,2013-03-01,TV,26227.95
DET,2013-03-01,Digital,25130.38
DET,2013-03-01,Billboard & radio,11744.66
DET,2013-03-01,Sponsorships,11687.51
DET,2013-04-01,TV,26336.67
DET,2013-04-01,Digital,27729.5
DET,2013-04-01,Billboard & radio,11512.97
DET,2013-04-01,Sponsorships,10766.65
DET,2013-05-01,TV,26733.99
DET,2013-05-01,Digital,24991.47
DET,2013-05-01,Billboard & radio,11744.13
DET,2013-05-01,Sponsorships,11221.92
DET,2013-06-01,TV,26007.37
DET,2013-06-01,Digital,25356.28
DET,2013-06-01,Billboard & radio,11937.68
DET,2013-06-01,Sponsorships,11163.08
DET,2013-07-01,TV,25687.82
DET,2013-07-01,Digital,25787.82
DET,2013-07-01,Billboard & radio,11549.42
DET,2013-07-01,Sponsorships,11455.56
DET,2013-08-01,TV,26791.71
DET,2013-08-01,Digital,26815.45
DET,2013-08-01,Billboard & radio,12454.68
DET,2013-08-01,Sponsorships,11021.39
DET,2013-09-01,TV,25577.68
DET,2013-09-01,Digital,25181.92
DET,2013-09-01,Billboard & radio,11596.49
DET,2013-09-01,Sponsorships,11885.05
DET,2013-10-01,TV,26100.44
DET,2013-10-01,Digital,25147.29
DET,2013-10-01,Billboard & radio,10786.23
DET,2013-10-01,Sponsorships,11615.96
DET,2013-11-01,TV,27225.52
DET,2013-11-01,Digital,26962.89
DET,2013-11-01,Billboard & radio,10875.65
DET,2013-11-01,Sponsorships,11380.59
DET,2013-12-01,TV,26403.15
DET,2013-12-01,Digital,26537.03
DET,2013-12-01,Billboard & radio,11740.18
DET,2013-12-01,Sponsorships,11375.77
DET,2014-01-01,TV,27141.07
DET,2014-01-01,Digital,26338.7
DET,2014-01-01,Billboard & radio,11412.63
DET,2014-01-01,Sponsorships,11605.1
DET,2014-02-01,TV,24337.48
DET,2014-02-01,Digital,25830.43
DET,2014-02-01,Billboard & radio,10985.42
DET,2014-02-01,Sponsorships,10890.63
DET,2014-03-01,TV,25888.88
DET,2014-03-01,Digital,28212.11
DET,2014-03-01,Billboard & radio,10762.97
DET,2014-03-01,Sponsorships,11794.66
DET,2014-04-01,TV,24041.23
DET,2014-04-01,Digital,25810.46
DET,2014-04-01,Billboard & radio,11341.55
DET,2014-04-01,Sponsorships,11579.75
DET,2014-05-01,TV,27183.48
DET,2014-05-01,Digital,27291.27
DET,2014-05-01,Billboard & radio,11053.84
DET,2014-05-01,Sponsorships,10989.93
DET,2014-06-01,TV,27376.09
DET,2014-06-01,Digital,25998.91
DET,2014-06-01,Billboard & radio,10532.43
DET,2014-06-01,Sponsorships,10612.53
DET,2014-07-01,TV,25043.22
DET,2014-07-01,Digital,26902.52
DET,2014-07-01,Billboard & radio,11330.11
DET,2014-07-01,Sponsorships,11638.4
DET,2014-08-01,TV,25689.23
DET,2014-08-01,Digital,26458.08
DET,2014-08-01,Billboard & radio,11601.89
DET,2014-08-01,Sponsorships,11075.99
DET,2014-09-01,TV,26849.52
DET,2014-09-01,Digital,25381.22
DET,2014-09-01,Billboard & radio,11045.78
DET,2014-09-01,Sponsorships,11035.27
DET,2014-10-01,TV,24680.46
DET,2014-10-01,Digital,26889.15
DET,2014-10-01,Billboard & radio,10985.96
DET,2014-10-01,Sponsorships,11257.03
DET,2014-11-01,TV,26880.98
DET,2014-11-01,Digital,26836.07
DET,2014-11-01,Billboard & radio,11624.28
DET,2014-11-01,Sponsorships,11194.6
DET,2014-12-01,TV,25694.42
DET,2014-12-01,Digital,26145.37
DET,2014-12-01,Billboard & radio,10300.87
DET,2014-12-01,Sponsorships,10436.0
DET,2015-01-01,TV,24513.96
DET,2015-01-01,Digital,24941.11
DET,2015-01-01,Billboard & radio,11474.87
DET,2015-01-01,Sponsorships,10740.67
DET,2015-02-01,TV,25753.66
DET,2015-02-01,Digital,27955.24
DET,2015-02-01,Billboard & radio,11049.6
DET,2015-02-01,Sponsorships,11664.85
DET,2015-03-01,TV,25024.63
DET,2015-03-01,Digital,25980.36
DET,2015-03-01,Billboard & radio,10715.61
DET,2015-03-01,Sponsorships,11059.29
DET,2015-04-01,TV,27352.9
DET,2015-04-01,Digital,23982.89
DET,2015-04-01,Billboard & radio,11494.36
DET,2015-04-01,Sponsorships,11383.73
DET,2015-05-01,TV,25470.18
DET,2015-05-01,Digital,24352.05
DET,2015-05-01,Billboard & radio,11290.57
DET,2015-05-01,Sponsorships,10952.16
DET,2015-06-01,TV,26555.39
DET,2015-06-01,Digital,26278.68
DET,2015-06-01,Billboard & radio,12151.0
DET,2015-06-01,Sponsorships,11115.36
DET,2015-07-01,TV,24906.66
DET,2015-07-01,Digital,26485.3
DET,2015-07-01,Billboard & radio,11373.75
DET,2015-07-01,Sponsorships,12014.54
DET,2015-08-01,TV,27346.08
DET,2015-08-01,Digital,26718.39
DET,2015-08-01,Billboard & radio,12073.11
DET,2015-08-01,Sponsorships,10581.32
DET,2015-09-01,TV,25410.33
DET,2015-09-01,Digital,25033.87
DET,2015-09-01,Billboard & radio,11030.73
DET,2015-09-01,Sponsorships,10475.61
DET,2015-10-01,TV,27083.64
DET,2015-10-01,Digital,25958.33
DET,2015-10-01,Billboard & radio,10422.67
DET,2015-10-01,Sponsorships,10678.74
DET,2015-11-01,TV,26661.49
DET,2015-11-01,Digital,27350.04
DET,2015-11-01,Billboard & radio,12373.16
DET,2015-11-01,Sponsorships,12889.05
DET,2015-12-01,TV,26793.91
DET,2015-12-01,Digital,24951.23
DET,2015-12-01,Billboard & radio,10050.72
DET,2015-12-01,Sponsorships,11400.59
DET,2016-01-01,TV,25183.01
DET,2016-01-01,Digital,25704.84
DET,2016-01-01,Billboard & radio,10905.7
DET,2016-01-01,Sponsorships,11170.81
DET,2016-02-01,TV,27649.1
DET,2016-02-01,Digital,26456.13
DET,2016-02-01,Billboard & radio,11160.77
DET,2016-02-01,Sponsorships,10667.44
DET,2016-03-01,TV,24051.98
DET,2016-03-01,Digital,25611.72
DET,2016-03-01,Billboard & radio,11219.75
DET,2016-03-01,Sponsorships,12244.46
DET,2016-04-01,TV,26420.99
DET,2016-04-01,Digital,27539.85
DET,2016-04-01,Billboard & radio,10969.15
DET,2016-04-01,Sponsorships,10583.47
DET,2016-05-01,TV,24983.28
DET,2016-05-01,Digital,25298.14
DET,2016-05-01,Billboard & radio,12447.26
DET,2016-05-01,Sponsorships,10787.97
DET,2016-06-01,TV,27350.52
DET,2016-06-01,Digital,25064.91
DET,2016-06-01,Billboard & radio,11774.01
DET,2016-06-01,Sponsorships,11466.53
DET,2016-07-01,TV,26044.41
DET,2016-07-01,Digital,26196.5
DET,2016-07-01,Billboard & radio,10881.68
DET,2016-07-01,Sponsorships,11500.92
DET,2016-08-01,TV,25652.83
DET,2016-08-01,Digital,24641.39
DET,2016-08-01,Billboard & radio,10531.16
DET,2016-08-01,Sponsorships,11347.08
DET,2016-09-01,TV,28322.56
DET,2016-09-01,Digital,26459.99
DET,2016-09-01,Billboard & radio,11183.27
DET,2016-09-01,Sponsorships,11410.78
DET,2016-10-01,TV,27964.13
DET,2016-10-01,Digital,26537.94
DET,2016-10-01,Billboard & radio,11018.85
DET,2016-10-01,Sponsorships,11872.29
DET,2016-11-01,TV,26812.74
DET,2016-11-01,Digital,28265.68
DET,2016-11-01,Billboard & radio,11353.07
DET,2016-11-01,Sponsorships,10561.24
DET,2016-12-01,TV,24454.29
DET,2016-12-01,Digital,28416.84
DET,2016-12-01,Billboard & radio,12219.56
DET,2016-12-01,Sponsorships,11149.02
DET,2017-01-01,TV,25747.07
DET,2017-01-01,Digital,28168.15
DET,2017-01-01,Billboard & radio,10627.29
DET,2017-01-01,Sponsorships,10746.72
DET,2017-02-01,TV,27094.37
DET,2017-02-01,Digital,25732.08
DET,2017-02-01,Billboard & radio,11247.12
DET,2017-02-01,Sponsorships,11158.06
DET,2017-03-01,TV,26693.07
DET,2017-03-01,Digital,28097.32
DET,2017-03-01,Billboard & radio,11300.95
DET,2017-03-01,Sponsorships,11612.22
DET,2017-04-01,TV,23559.15
DET,2017-04-01,Digital,26186.06
DET,2017-04-01,Billboard & radio,10775.68
DET,2017-04-01,Sponsorships,10564.42
DET,2017-05-01,TV,25097.43
DET,2017-05-01,Digital,25811.46
DET,2017-05-01,Billboard & radio,11765.2
DET,2017-05-01,Sponsorships,10503.9
DET,2017-06-01,TV,26290.2
DET,2017-06-01,Digital,25614.53
DET,2017-06-01,Billboard & radio,11065.68
DET,2017-06-01,Sponsorships,11814.05
DET,2017-07-01,TV,26956.28
DET,2017-07-01,Digital,28005.34
DET,2017-07-01,Billboard & radio,11163.09
DET,2017-07-01,Sponsorships,10858.53
DET,2017-08-01,TV,25956.19
DET,2017-08-01,Digital,26568.28
DET,2017-08-01,Billboard & radio,11349.32
DET,2017-08-01,Sponsorships,10640.03
DET,2017-09-01,TV,26368.77
DET,2017-09-01,Digital,26549.55
DET,2017-09-01,Billboard & radio,12666.08
DET,2017-09-01,Sponsorships,12305.73
DET,2017-10-01,TV,25130.12
DET,2017-10-01,Digital,25872.81
DET,2017-10-01,Billboard & radio,10426.81
DET,2017-10-01,Sponsorships,10917.73
DET,2017-11-01,TV,26664.23
DET,2017-11-01,Digital,27832.68
DET,2017-11-01,Billboard & radio,10839.89
DET,2017-11-01,Sponsorships,10882.04
DET,2017-12-01,TV,23431.68
DET,2017-12-01,Digital,26036.5
DET,2017-12-01,Billboard & radio,10652.39
DET,2017-12-01,Sponsorships,10952.19
DET,2018-01-01,TV,25099.12
DET,2018-01-01,Digital,26126.28
DET,2018-01-01,Billboard & radio,10261.28
DET,2018-01-01,Sponsorships,10424.79
DET,2018-02-01,TV,29044.64
DET,2018-02-01,Digital,24560.26
DET,2018-02-01,Billboard & radio,10633.06
DET,2018-02-01,Sponsorships,12283.26
DET,2018-03-01,TV,30062.9
DET,2018-03-01,Digital,24712.32
DET,2018-03-01,Billboard & radio,11042.86
DET,2018-03-01,Sponsorships,11442.12
DET,2018-04-01,TV,28518.92
DET,2018-04-01,Digital,24954.75
DET,2018-04-01,Billboard & radio,11112.03
DET,2018-04-01,Sponsorships,11687.25
DET,2018-05-01,TV,26820.63
DET,2018-05-01,Digital,25756.3
DET,2018-05-01,Billboard & radio,11174.72
DET,2018-05-01,Sponsorships,10476.62
DET,2018-06-01,TV,25937.4
DET,2018-06-01,Digital,25900.37
DET,2018-06-01,Billboard & radio,11380.6
DET,2018-06-01,Sponsorships,10937.63
DET,2018-07-01,TV,26868.89
DET,2018-07-01,Digital,27579.19
DET,2018-07-01,Billboard & radio,11337.43
DET,2018-07-01,Sponsorships,11447.86
DET,2018-08-01,TV,26319.77
DET,2018-08-01,Digital,26250.11
DET,2018-08-01,Billboard & radio,10844.12
DET,2018-08-01,Sponsorships,11428.03
DET,2018-09-01,TV,26122.31
DET,2018-09-01,Digital,28997.28
DET,2018-09-01,Billboard & radio,12135.01
DET,2018-09-01,Sponsorships,11467.04
DET,2018-10-01,TV,25248.49
DET,2018-10-01,Digital,24789.96
DET,2018-10-01,Billboard & radio,11920.02
DET,2018-10-01,Sponsorships,11397.8
DET,2018-11-01,TV,26880.19
DET,2018-11-01,Digital,23960.23
DET,2018-11-01,Billboard & radio,11771.68
DET,2018-11-01,Sponsorships,11505.61
DET,2018-12-01,TV,24792.56
DET,2018-12-01,Digital,25631.12
DET,2018-12-01,Billboard & radio,11398.34
DET,2018-12-01,Sponsorships,11279.51
DET,2019-01-01,TV,25866.53
DET,2019-01-01,Digital,26114.17
DET,2019-01-01,Billboard & radio,11108.26
DET,2019-01-01,Sponsorships,11335.82
DET,2019-02-01,TV,28181.33
DET,2019-02-01,Digital,22881.26
DET,2019-02-01,Billboard & radio,11116.77
DET,2019-02-01,Sponsorships,11349.29
DET,2019-03-01,TV,26638.49
DET,2019-03-01,Digital,25761.86
DET,2019-03-01,Billboard & radio,10261.84
DET,2019-03-01,Sponsorships,11434.5
DET,2019-04-01,TV,28517.15
DET,2019-04-01,Digital,24236.81
DET,2019-04-01,Billboard & radio,11735.9
DET,2019-04-01,Sponsorships,11065.2
DET,2019-05-01,TV,26169.51
DET,2019-05-01,Digital,24868.07
DET,2019-05-01,Billboard & radio,11061.87
DET,2019-05-01,Sponsorships,11981.28
DET,2019-06-01,TV,27014.74
DET,2019-06-01,Digital,28523.66
DET,2019-06-01,Billboard & radio,11912.29
DET,2019-06-01,Sponsorships,11496.99
DET,2019-07-01,TV,28538.91
DET,2019-07-01,Digital,26826.18
DET,2019-07-01,Billboard & radio,11715.74
DET,2019-07-01,Sponsorships,11083.18
DET,2019-08-01,TV,26337.34
DET,2019-08-01,Digital,25334.63
DET,2019-08-01,Billboard & radio,11806.64
DET,2019-08-01,Sponsorships,10587.2
DET,2019-09-01,TV,27276.83
DET,2019-09-01,Digital,25999.77
DET,2019-09-01,Billboard & radio,11908.83
DET,2019-09-01,Sponsorships,11672.36
DET,2019-10-01,TV,28639.6
DET,2019-10-01,Digital,27209.14
DET,2019-10-01,Billboard & radio,10365.73
DET,2019-10-01,Sponsorships,11212.34
DET,2019-11-01,TV,24711.74
DET,2019-11-01,Digital,25569.76
DET,2019-11-01,Billboard & radio,12100.07
DET,2019-11-01,Sponsorships,11608.61
DET,2019-12-01,TV,25332.65
DET,2019-12-01,Digital,24919.5
DET,2019-12-01,Billboard & radio,11268.44
DET,2019-12-01,Sponsorships,10565.68
DET,2020-01-01,TV,25369.13
DET,2020-01-01,Digital,26659.51
DET,2020-01-01,Billboard & radio,11899.86
DET,2020-01-01,Sponsorships,11592.43
DET,2020-02-01,TV,23242.68
DET,2020-02-01,Digital,26649.48
DET,2020-02-01,Billboard & radio,11290.52
DET,2020-02-01,Sponsorships,11482.81
DET,2020-03-01,TV,28371.28
DET,2020-03-01,Digital,23542.0
DET,2020-03-01,Billboard & radio,10917.5
DET,2020-03-01,Sponsorships,11582.38
DET,2020-04-01,TV,24174.16
DET,2020-04-01,Digital,28187.18
DET,2020-04-01,Billboard & radio,11457.2
DET,2020-04-01,Sponsorships,11726.2
DET,2020-05-01,TV,25500.64
DET,2020-05-01,Digital,27318.06
DET,2020-05-01,Billboard & radio,11851.02
DET,2020-05-01,Sponsorships,11380.99
DET,2020-06-01,TV,26557.65
DET,2020-06-01,Digital,26604.83
DET,2020-06-01,Billboard & radio,10764.37
DET,2020-06-01,Sponsorships,11167.02
DET,2020-07-01,TV,26049.81
DET,2020-07-01,Digital,26753.2
DET,2020-07-01,Billboard & radio,11812.4
DET,2020-07-01,Sponsorships,10654.57
DET,2020-08-01,TV,26085.93
DET,2020-08-01,Digital,28194.41
DET,2020-08-01,Billboard & radio,10831.73
DET,2020-08-01,Sponsorships,10787.48
DET,2020-09-01,TV,26515.53
DET,2020-09-01,Digital,27358.26
DET,2020-09-01,Billboard & radio,11256.43
DET,2020-09-01,Sponsorships,11997.54
DET,2020-10-01,TV,27374.54
DET,2020-10-01,Digital,27354.89
DET,2020-10-01,Billboard & radio,11561.69
DET,2020-10-01,Sponsorships,12559.3
DET,2020-11-01,TV,25980.73
DET,2020-11-01,Digital,23620.38
DET,2020-11-01,Billboard & radio,12152.39
DET,2020-11-01,Sponsorships,10992.54
DET,2020-12-01,TV,26391.59
DET,2020-12-01,Digital,27968.79
DET,2020-12-01,Billboard & radio,10348.73
DET,2020-12-01,Sponsorships,10545.95
DET,2021-01-01,TV,24148.32
DET,2021-01-01,Digital,25207.7
DET,2021-01-01,Billboard & radio,11497.3
DET,2021-01-01,Sponsorships,11544.86
DET,2021-02-01,TV,26612.61
DET,2021-02-01,Digital,24395.74
DET,2021-02-01,Billboard & radio,9950.57
DET,2021-02-01,Sponsorships,11280.57
DET,2021-03-01,TV,25630.79
DET,2021-03-01,Digital,26852.94
DET,2021-03-01,Billboard & radio,11644.85
DET,2021-03-01,Sponsorships,11327.76
DET,2021-04-01,TV,27247.67
DET,2021-04-01,Digital,26550.84
DET,2021-04-01,Billboard & radio,11548.16
DET,2021-04-01,Sponsorships,10853.62
DET,2021-05-01,TV,26014.26
DET,2021-05-01,Digital,26508.27
DET,2021-05-01,Billboard & radio,11711.55
DET,2021-05-01,Sponsorships,11028.52
DET,2021-06-01,TV,26934.03
DET,2021-06-01,Digital,25901.09
DET,2021-06-01,Billboard & radio,11183.88
DET,2021-06-01,Sponsorships,11716.6
DET,2021-07-01,TV,23634.11
DET,2021-07-01,Digital,24548.38
DET,2021-07-01,Billboard & radio,10416.27
DET,2021-07-01,Sponsorships,9937.34
DET,2021-08-01,TV,25359.78
DET,2021-08-01,Digital,27233.63
DET,2021-08-01,Billboard & radio,11089.75
DET,2021-08-01,Sponsorships,11361.26
DET,2021-09-01,TV,27679.6
DET,2021-09-01,Digital,27992.59
DET,2021-09-01,Billboard & radio,11211.11
DET,2021-09-01,Sponsorships,12011.39
DET,2021-10-01,TV,26370.92
DET,2021-10-01,Digital,25150.91
DET,2021-10-01,Billboard & radio,10915.65
DET,2021-10-01,Sponsorships,10417.2
DET,2021-11-01,TV,25084.32
DET,2021-11-01,Digital,25780.1
DET,2021-11-01,Billboard & radio,11702.02
DET,2021-11-01,Sponsorships,12217.93
DET,2021-12-01,TV,24435.89
DET,2021-12-01,Digital,26765.59
DET,2021-12-01,Billboard & radio,10664.69
DET,2021-12-01,Sponsorships,11517.02
DET,2022-01-01,TV,26077.95
DET,2022-01-01,Digital,23846.94
DET,2022-01-01,Billboard & radio,11772.17
DET,2022-01-01,Sponsorships,10909.69
DET,2022-02-01,TV,25549.26
DET,2022-02-01,Digital,24845.95
DET,2022-02-01,Billboard & radio,10881.97
DET,2022-02-01,Sponsorships,11490.69
DET,2022-03-01,TV,26001.62
DET,2022-03-01,Digital,26681.37
DET,2022-03-01,Billboard & radio,11453.58
DET,2022-03-01,Sponsorships,11992.87
DET,2022-04-01,TV,25800.09
DET,2022-04-01,Digital,24311.62
DET,2022-04-01,Billboard & radio,11850.31
DET,2022-04-01,Sponsorships,11063.54
DET,2022-05-01,TV,27712.9
DET,2022-05-01,Digital,26753.18
DET,2022-05-01,Billboard & radio,11176.24
DET,2022-05-01,Sponsorships,11446.19
DET,2022-06-01,TV,28810.7
DET,2022-06-01,Digital,28976.04
DET,2022-06-01,Billboard & radio,11289.03
DET,2022-06-01,Sponsorships,11340.11
DET,2022-07-01,TV,27662.57
DET,2022-07-01,Digital,25140.07
DET,2022-07-01,Billboard & radio,11437.35
DET,2022-07-01,Sponsorships,11235.45
DET,2022-08-01,TV,26662.0
DET,2022-08-01,Digital,25156.2
DET,2022-08-01,Billboard & radio,10355.87
DET,2022-08-01,Sponsorships,10083.95
DET,2022-09-01,TV,24783.43
DET,2022-09-01,Digital,25647.99
DET,2022-09-01,Billboard & radio,11085.08
DET,2022-09-01,Sponsorships,12339.69
DET,2022-10-01,TV,27701.62
DET,2022-10-01,Digital,24987.26
DET,2022-10-01,Billboard & radio,11445.59
DET,2022-10-01,Sponsorships,11021.02
DET,2022-11-01,TV,25876.77
DET,2022-11-01,Digital,26493.24
DET,2022-11-01,Billboard & radio,11598.28
DET,2022-11-01,Sponsorships,11059.17
DET,2022-12-01,TV,27646.31
DET,2022-12-01,Digital,24751.21
DET,2022-12-01,Billboard & radio,11253.57
DET,2022-12-01,Sponsorships,12711.19
DET,2023-01-01,TV,26542.79
DET,2023-01-01,Digital,28131.09
DET,2023-01-01,Billboard & radio,11301.48
DET,2023-01-01,Sponsorships,11576.69
DET,2023-02-01,TV,26175.47
DET,2023-02-01,Digital,26026.34
DET,2023-02-01,Billboard & radio,10811.54
DET,2023-02-01,Sponsorships,11492.04
DET,2023-03-01,TV,25132.36
DET,2023-03-01,Digital,27123.58
DET,2023-03-01,Billboard & radio,11860.47
DET,2023-03-01,Sponsorships,11456.17
DET,2023-04-01,TV,25874.3
DET,2023-04-01,Digital,26845.83
DET,2023-04-01,Billboard & radio,11076.37
DET,2023-04-01,Sponsorships,11776.25
DET,2023-05-01,TV,23846.28
DET,2023-05-01,Digital,25809.52
DET,2023-05-01,Billboard & radio,10130.17
DET,2023-05-01,Sponsorships,10409.03
DET,2023-06-01,TV,28040.07
DET,2023-06-01,Digital,27424.93
DET,2023-06-01,Billboard & radio,10845.29
DET,2023-06-01,Sponsorships,10404.84
DET,2023-07-01,TV,22359.06
DET,2023-07-01,Digital,25536.66
DET,2023-07-01,Billboard & radio,12611.48
DET,2023-07-01,Sponsorships,11494.62
DET,2023-08-01,TV,25515.56
DET,2023-08-01,Digital,26860.42
DET,2023-08-01,Billboard & radio,10371.96
DET,2023-08-01,Sponsorships,11082.76
DET,2023-09-01,TV,26380.56
DET,2023-09-01,Digital,26136.99
DET,2023-09-01,Billboard & radio,11694.83
DET,2023-09-01,Sponsorships,11443.86
DET,2023-10-01,TV,27127.18
DET,2023-10-01,Digital,25346.51
DET,2023-10-01,Billboard & radio,11755.02
DET,2023-10-01,Sponsorships,12166.28
DET,2023-11-01,TV,24976.68
DET,2023-11-01,Digital,25084.9
DET,2023-11-01,Billboard & radio,12001.38
DET,2023-11-01,Sponsorships,11142.37
DET,2023-12-01,TV,28092.52
DET,2023-12-01,Digital,25669.17
DET,2023-12-01,Billboard & radio,12068.46
DET,2023-12-01,Sponsorships,11323.96
DET,2024-01-01,TV,26588.93
DET,2024-01-01,Digital,28303.69
DET,2024-01-01,Billboard & radio,11046.5
DET,2024-01-01,Sponsorships,10720.62
DET,2024-02-01,TV,25661.26
DET,2024-02-01,Digital,26843.69
DET,2024-02-01,Billboard & radio,10369.26
DET,2024-02-01,Sponsorships,11608.58
DET,2024-03-01,TV,25542.86
DET,2024-03-01,Digital,27756.5
DET,2024-03-01,Billboard & radio,9903.23
DET,2024-03-01,Sponsorships,10807.56
DET,2024-04-01,TV,24036.51
DET,2024-04-01,Digital,25165.57
DET,2024-04-01,Billboard & radio,11389.31
DET,2024-04-01,Sponsorships,11149.19
DET,2024-05-01,TV,25917.44
DET,2024-05-01,Digital,26041.07
DET,2024-05-01,Billboard & radio,11364.41
DET,2024-05-01,Sponsorships,10682.7
DET,2024-06-01,TV,27177.74
DET,2024-06-01,Digital,27119.75
DET,2024-06-01,Billboard & radio,11466.58
DET,2024-06-01,Sponsorships,11563.05
DET,2024-07-01,TV,26639.05
DET,2024-07-01,Digital,28921.03
DET,2024-07-01,Billboard & radio,11201.01
DET,2024-07-01,Sponsorships,11077.27
DET,2024-08-01,TV,25261.0
DET,2024-08-01,Digital,24895.16
DET,2024-08-01,Billboard & radio,10549.98
DET,2024-08-01,Sponsorships,10750.05
DET,2024-09-01,TV,26157.23
DET,2024-09-01,Digital,26688.76
DET,2024-09-01,Billboard & radio,11278.77
DET,2024-09-01,Sponsorships,10819.39
DET,2024-10-01,TV,27431.49
DET,2024-10-01,Digital,27220.48
DET,2024-10-01,Billboard & radio,11160.2
DET,2024-10-01,Sponsorships,10882.73
DET,2024-11-01,TV,26969.81
DET,2024-11-01,Digital,26496.72
DET,2024-11-01,Billboard & radio,10435.43
DET,2024-11-01,Sponsorships,11211.76
DET,2024-12-01,TV,26593.92
DET,2024-12-01,Digital,25069.15
DET,2024-12-01,Billboard & radio,11356.79
DET,2024-12-01,Sponsorships,10431.66
GRR,2013-01-01,TV,15402.06
GRR,2013-01-01,Digital,15338.36
GRR,2013-01-01,Billboard & radio,6109.38
GRR,2013-01-01,Sponsorships,6299.94
GRR,2013-02-01,TV,12697.84
GRR,2013-02-01,Digital,13602.76
GRR,2013-02-01,Billboard & radio,6096.61
GRR,2013-02-01,Sponsorships,5855.81
GRR,2013-03-01,TV,14953.2
GRR,2013-03-01,Digital,15879.3
GRR,2013-03-01,Billboard & radio,5823.48
GRR,2013-03-01,Sponsorships,5928.41
GRR,2013-04-01,TV,14607.46
GRR,2013-04-01,Digital,15600.52
GRR,2013-04-01,Billboard & radio,5809.33
GRR,2013-04-01,Sponsorships,6264.55
GRR,2013-05-01,TV,15752.25
GRR,2013-05-01,Digital,13245.14
GRR,2013-05-01,Billboard & radio,5791.17
GRR,2013-05-01,Sponsorships,6056.45
GRR,2013-06-01,TV,14061.7
GRR,2013-06-01,Digital,15024.1
GRR,2013-06-01,Billboard & radio,6262.26
GRR,2013-06-01,Sponsorships,5638.37
GRR,2013-07-01,TV,14809.56
GRR,2013-07-01,Digital,14020.59
GRR,2013-07-01,Billboard & radio,6581.78
GRR,2013-07-01,Sponsorships,5993.34
GRR,2013-08-01,TV,13977.94
GRR,2013-08-01,Digital,14828.13
GRR,2013-08-01,Billboard & radio,6423.53
GRR,2013-08-01,Sponsorships,6326.13
GRR,2013-09-01,TV,13220.71
GRR,2013-09-01,Digital,14825.89
GRR,2013-09-01,Billboard & radio,5867.51
GRR,2013-09-01,Sponsorships,6260.29
GRR,2013-10-01,TV,13409.74
GRR,2013-10-01,Digital,14759.69
GRR,2013-10-01,Billboard & radio,5937.96
GRR,2013-10-01,Sponsorships,5790.68
GRR,2013-11-01,TV,14952.79
GRR,2013-11-01,Digital,14611.94
GRR,2013-11-01,Billboard & radio,5997.55
GRR,2013-11-01,Sponsorships,6636.46
GRR,2013-12-01,TV,14119.4
GRR,2013-12-01,Digital,14460.68
GRR,2013-12-01,Billboard & radio,6270.7
GRR,2013-12-01,Sponsorships,5995.79
GRR,2014-01-01,TV,14777.6
GRR,2014-01-01,Digital,14052.41
GRR,2014-01-01,Billboard & radio,6060.15
GRR,2014-01-01,Sponsorships,6609.07
GRR,2014-02-01,TV,13686.33
GRR,2014-02-01,Digital,12695.77
GRR,2014-02-01,Billboard & radio,6685.88
GRR,2014-02-01,Sponsorships,6976.2
GRR,2014-03-01,TV,14144.95
GRR,2014-03-01,Digital,13039.35
GRR,2014-03-01,Billboard & radio,6091.44
GRR,2014-03-01,Sponsorships,6098.95
GRR,2014-04-01,TV,14300.4
GRR,2014-04-01,Digital,13633.77
GRR,2014-04-01,Billboard & radio,6366.8
GRR,2014-04-01,Sponsorships,6349.77
GRR,2014-05-01,TV,13358.73
GRR,2014-05-01,Digital,14942.23
GRR,2014-05-01,Billboard & radio,6822.55
GRR,2014-05-01,Sponsorships,6240.7
GRR,2014-06-01,TV,14193.99
GRR,2014-06-01,Digital,14334.99
GRR,2014-06-01,Billboard & radio,6377.85
GRR,2014-06-01,Sponsorships,5652.07
GRR,2014-07-01,TV,14556.17
GRR,2014-07-01,Digital,14155.63
GRR,2014-07-01,Billboard & radio,6759.17
GRR,2014-07-01,Sponsorships,6133.62
GRR,2014-08-01,TV,15641.51
GRR,2014-08-01,Digital,13640.74
GRR,2014-08-01,Billboard & radio,6369.18
GRR,2014-08-01,Sponsorships,6286.31
GRR,2014-09-01,TV,13810.16
GRR,2014-09-01,Digital,14565.56
GRR,2014-09-01,Billboard & radio,6562.62
GRR,2014-09-01,Sponsorships,6087.33
GRR,2014-10-01,TV,13216.11
GRR,2014-10-01,Digital,14424.82
GRR,2014-10-01,Billboard & radio,5908.31
GRR,2014-10-01,Sponsorships,6081.59
GRR,2014-11-01,TV,14378.6
GRR,2014-11-01,Digital,13206.23
GRR,2014-11-01,Billboard & radio,5687.66
GRR,2014-11-01,Sponsorships,6336.64
GRR,2014-12-01,TV,14060.16
GRR,2014-12-01,Digital,12586.08
GRR,2014-12-01,Billboard & radio,6430.31
GRR,2014-12-01,Sponsorships,6271.76
GRR,2015-01-01,TV,13922.17
GRR,2015-01-01,Digital,13486.91
GRR,2015-01-01,Billboard & radio,6446.08
GRR,2015-01-01,Sponsorships,6295.58
GRR,2015-02-01,TV,16157.44
GRR,2015-02-01,Digital,14740.82
GRR,2015-02-01,Billboard & radio,6307.45
GRR,2015-02-01,Sponsorships,6135.86
GRR,2015-03-01,TV,15027.11
GRR,2015-03-01,Digital,14888.73
GRR,2015-03-01,Billboard & radio,6574.75
GRR,2015-03-01,Sponsorships,6026.22
GRR,2015-04-01,TV,14123.19
GRR,2015-04-01,Digital,14091.65
GRR,2015-04-01,Billboard & radio,6432.15
GRR,2015-04-01,Sponsorships,6651.06
GRR,2015-05-01,TV,14106.27
GRR,2015-05-01,Digital,14130.87
GRR,2015-05-01,Billboard & radio,6284.67
GRR,2015-05-01,Sponsorships,6111.47
GRR,2015-06-01,TV,15124.76
GRR,2015-06-01,Digital,12812.0
GRR,2015-06-01,Billboard & radio,5931.74
GRR,2015-06-01,Sponsorships,5945.44
GRR,2015-07-01,TV,12762.49
GRR,2015-07-01,Digital,13741.87
GRR,2015-07-01,Billboard & radio,5904.37
GRR,2015-07-01,Sponsorships,6125.28
GRR,2015-08-01,TV,15240.92
GRR,2015-08-01,Digital,14260.6
GRR,2015-08-01,Billboard & radio,5868.59
GRR,2015-08-01,Sponsorships,6169.88
GRR,2015-09-01,TV,15194.87
GRR,2015-09-01,Digital,13732.98
GRR,2015-09-01,Billboard & radio,5905.79
GRR,2015-09-01,Sponsorships,6360.3
GRR,2015-10-01,TV,14277.58
GRR,2015-10-01,Digital,14904.9
GRR,2015-10-01,Billboard & radio,6183.28
GRR,2015-10-01,Sponsorships,6404.58
GRR,2015-11-01,TV,13690.3
GRR,2015-11-01,Digital,14428.78
GRR,2015-11-01,Billboard & radio,6122.32
GRR,2015-11-01,Sponsorships,5811.33
GRR,2015-12-01,TV,13308.86
GRR,2015-12-01,Digital,14932.53
GRR,2015-12-01,Billboard & radio,6078.92
GRR,2015-12-01,Sponsorships,5871.23
GRR,2016-01-01,TV,14368.07
GRR,2016-01-01,Digital,15251.79
GRR,2016-01-01,Billboard & radio,5481.9
GRR,2016-01-01,Sponsorships,5724.48
GRR,2016-02-01,TV,13771.29
GRR,2016-02-01,Digital,15492.29
GRR,2016-02-01,Billboard & radio,6274.93
GRR,2016-02-01,Sponsorships,6424.89
GRR,2016-03-01,TV,13614.45
GRR,2016-03-01,Digital,13629.34
GRR,2016-03-01,Billboard & radio,6326.04
GRR,2016-03-01,Sponsorships,6205.53
GRR,2016-04-01,TV,14833.62
GRR,2016-04-01,Digital,14302.03
GRR,2016-04-01,Billboard & radio,6273.55
GRR,2016-04-01,Sponsorships,6236.42
GRR,2016-05-01,TV,14998.95
GRR,2016-05-01,Digital,15020.06
GRR,2016-05-01,Billboard & radio,5686.35
GRR,2016-05-01,Sponsorships,5492.25
GRR,2016-06-01,TV,15160.63
GRR,2016-06-01,Digital,15294.89
GRR,2016-06-01,Billboard & radio,5871.74
GRR,2016-06-01,Sponsorships,5612.11
GRR,2016-07-01,TV,14508.99
GRR,2016-07-01,Digital,15109.45
GRR,2016-07-01,Billboard & radio,6743.63
GRR,2016-07-01,Sponsorships,6347.23
GRR,2016-08-01,TV,14169.17
GRR,2016-08-01,Digital,13792.77
GRR,2016-08-01,Billboard & radio,6191.04
GRR,2016-08-01,Sponsorships,6094.91
GRR,2016-09-01,TV,13704.75
GRR,2016-09-01,Digital,15916.45
GRR,2016-09-01,Billboard & radio,6739.79
GRR,2016-09-01,Sponsorships,6538.97
GRR,2016-10-01,TV,13772.76
GRR,2016-10-01,Digital,15054.72
GRR,2016-10-01,Billboard & radio,6385.38
GRR,2016-10-01,Sponsorships,6324.41
GRR,2016-11-01,TV,15339.6
GRR,2016-11-01,Digital,14896.16
GRR,2016-11-01,Billboard & radio,6416.44
GRR,2016-11-01,Sponsorships,6384.54
GRR,2016-12-01,TV,14683.51
GRR,2016-12-01,Digital,13149.96
GRR,2016-12-01,Billboard & radio,6213.37
GRR,2016-12-01,Sponsorships,6015.43
GRR,2017-01-01,TV,13513.61
GRR,2017-01-01,Digital,15651.56
GRR,2017-01-01,Billboard & radio,6722.41
GRR,2017-01-01,Sponsorships,6608.01
GRR,2017-02-01,TV,14621.73
GRR,2017-02-01,Digital,15412.48
GRR,2017-02-01,Billboard & radio,6191.23
GRR,2017-02-01,Sponsorships,6250.24
GRR,2017-03-01,TV,13648.15
GRR,2017-03-01,Digital,14724.08
GRR,2017-03-01,Billboard & radio,6206.18
GRR,2017-03-01,Sponsorships,5784.49
GRR,2017-04-01,TV,14400.54
GRR,2017-04-01,Digital,14379.95
GRR,2017-04-01,Billboard & radio,6743.62
GRR,2017-04-01,Sponsorships,6464.15
GRR,2017-05-01,TV,14445.76
GRR,2017-05-01,Digital,14617.09
GRR,2017-05-01,Billboard & radio,6201.18
GRR,2017-05-01,Sponsorships,6124.72
GRR,2017-06-01,TV,13656.12
GRR,2017-06-01,Digital,14328.46
GRR,2017-06-01,Billboard & radio,5956.68
GRR,2017-06-01,Sponsorships,5800.68
GRR,2017-07-01,TV,14806.54
GRR,2017-07-01,Digital,14719.94
GRR,2017-07-01,Billboard & radio,5634.74
GRR,2017-07-01,Sponsorships,6149.54
GRR,2017-08-01,TV,15156.27
GRR,2017-08-01,Digital,15202.13
GRR,2017-08-01,Billboard & radio,6504.87
GRR,2017-08-01,Sponsorships,6199.54
GRR,2017-09-01,TV,13827.48
GRR,2017-09-01,Digital,13655.2
GRR,2017-09-01,Billboard & radio,6294.11
GRR,2017-09-01,Sponsorships,6304.84
GRR,2017-10-01,TV,15366.79
GRR,2017-10-01,Digital,15231.55
GRR,2017-10-01,Billboard & radio,6146.59
GRR,2017-10-01,Sponsorships,5802.57
GRR,2017-11-01,TV,14207.14
GRR,2017-11-01,Digital,14594.31
GRR,2017-11-01,Billboard & radio,6124.98
GRR,2017-11-01,Sponsorships,6008.71
GRR,2017-12-01,TV,14620.05
GRR,2017-12-01,Digital,14073.71
GRR,2017-12-01,Billboard & radio,5993.19
GRR,2017-12-01,Sponsorships,6283.86
GRR,2018-01-01,TV,14147.31
GRR,2018-01-01,Digital,14613.71
GRR,2018-01-01,Billboard & radio,6272.02
GRR,2018-01-01,Sponsorships,5834.99
GRR,2018-02-01,TV,14090.1
GRR,2018-02-01,Digital,15475.4
GRR,2018-02-01,Billboard & radio,5827.98
GRR,2018-02-01,Sponsorships,5532.66
GRR,2018-03-01,TV,13093.48
GRR,2018-03-01,Digital,14458.51
GRR,2018-03-01,Billboard & radio,6197.07
GRR,2018-03-01,Sponsorships,6151.11
GRR,2018-04-01,TV,15313.99
GRR,2018-04-01,Digital,12508.05
GRR,2018-04-01,Billboard & radio,6309.99
GRR,2018-04-01,Sponsorships,6670.57
GRR,2018-05-01,TV,13623.38
GRR,2018-05-01,Digital,14163.33
GRR,2018-05-01,Billboard & radio,5954.57
GRR,2018-05-01,Sponsorships,5910.81
GRR,2018-06-01,TV,14201.98
GRR,2018-06-01,Digital,15467.97
GRR,2018-06-01,Billboard & radio,6755.94
GRR,2018-06-01,Sponsorships,6083.57
GRR,2018-07-01,TV,15812.72
GRR,2018-07-01,Digital,14463.18
GRR,2018-07-01,Billboard & radio,6730.05
GRR,2018-07-01,Sponsorships,6158.64
GRR,2018-08-01,TV,14532.11
GRR,2018-08-01,Digital,14701.33
GRR,2018-08-01,Billboard & radio,7170.96
GRR,2018-08-01,Sponsorships,6450.87
GRR,2018-09-01,TV,13926.94
GRR,2018-09-01,Digital,15137.0
GRR,2018-09-01,Billboard & radio,6075.56
GRR,2018-09-01,Sponsorships,6035.98
GRR,2018-10-01,TV,15093.4
GRR,2018-10-01,Digital,14459.94
GRR,2018-10-01,Billboard & radio,6273.68
GRR,2018-10-01,Sponsorships,6191.83
GRR,2018-11-01,TV,14680.47
GRR,2018-11-01,Digital,14744.27
GRR,2018-11-01,Billboard & radio,5588.25
GRR,2018-11-01,Sponsorships,6393.72
GRR,2018-12-01,TV,13728.6
GRR,2018-12-01,Digital,13396.34
GRR,2018-12-01,Billboard & radio,6169.43
GRR,2018-12-01,Sponsorships,6213.48
GRR,2019-01-01,TV,13936.88
GRR,2019-01-01,Digital,15037.4
GRR,2019-01-01,Billboard & radio,5772.26
GRR,2019-01-01,Sponsorships,6061.6
GRR,2019-02-01,TV,14015.29
GRR,2019-02-01,Digital,14403.87
GRR,2019-02-01,Billboard & radio,6273.77
GRR,2019-02-01,Sponsorships,5875.68
GRR,2019-03-01,TV,14960.34
GRR,2019-03-01,Digital,14482.98
GRR,2019-03-01,Billboard & radio,5602.18
GRR,2019-03-01,Sponsorships,5581.56
GRR,2019-04-01,TV,14428.61
GRR,2019-04-01,Digital,14277.99
GRR,2019-04-01,Billboard & radio,6155.5
GRR,2019-04-01,Sponsorships,6178.84
GRR,2019-05-01,TV,14600.33
GRR,2019-05-01,Digital,15121.58
GRR,2019-05-01,Billboard & radio,5843.75
GRR,2019-05-01,Sponsorships,5824.92
GRR,2019-06-01,TV,13648.26
GRR,2019-06-01,Digital,14646.06
GRR,2019-06-01,Billboard & radio,6572.66
GRR,2019-06-01,Sponsorships,6054.05
GRR,2019-07-01,TV,12631.59
GRR,2019-07-01,Digital,13207.43
GRR,2019-07-01,Billboard & radio,5929.78
GRR,2019-07-01,Sponsorships,6014.95
GRR,2019-08-01,TV,14142.69
GRR,2019-08-01,Digital,14465.35
GRR,2019-08-01,Billboard & radio,6091.05
GRR,2019-08-01,Sponsorships,6512.14
GRR,2019-09-01,TV,13949.5
GRR,2019-09-01,Digital,13815.01
GRR,2019-09-01,Billboard & radio,6335.65
GRR,2019-09-01,Sponsorships,5712.41
GRR,2019-10-01,TV,14718.81
GRR,2019-10-01,Digital,14511.53
GRR,2019-10-01,Billboard & radio,6141.88
GRR,2019-10-01,Sponsorships,6678.87
GRR,2019-11-01,TV,13988.34
GRR,2019-11-01,Digital,15924.78
GRR,2019-11-01,Billboard & radio,6117.76
GRR,2019-11-01,Sponsorships,5792.42
GRR,2019-12-01,TV,14487.97
GRR,2019-12-01,Digital,13660.59
GRR,2019-12-01,Billboard & radio,5954.93
GRR,2019-12-01,Sponsorships,6310.33
GRR,2020-01-01,TV,14838.56
GRR,2020-01-01,Digital,13988.37
GRR,2020-01-01,Billboard & radio,6492.98
GRR,2020-01-01,Sponsorships,6545.6
GRR,2020-02-01,TV,15474.33
GRR,2020-02-01,Digital,14819.67
GRR,2020-02-01,Billboard & radio,6609.31
GRR,2020-02-01,Sponsorships,5605.63
GRR,2020-03-01,TV,14208.01
GRR,2020-03-01,Digital,13811.63
GRR,2020-03-01,Billboard & radio,6224.39
GRR,2020-03-01,Sponsorships,6010.71
GRR,2020-04-01,TV,14317.55
GRR,2020-04-01,Digital,15796.19
GRR,2020-04-01,Billboard & radio,6134.99
GRR,2020-04-01,Sponsorships,6315.52
GRR,2020-05-01,TV,14269.83
GRR,2020-05-01,Digital,14492.16
GRR,2020-05-01,Billboard & radio,6189.36
GRR,2020-05-01,Sponsorships,6326.2
GRR,2020-06-01,TV,15278.71
GRR,2020-06-01,Digital,15626.71
GRR,2020-06-01,Billboard & radio,6283.29
GRR,2020-06-01,Sponsorships,6369.89
GRR,2020-07-01,TV,13606.72
GRR,2020-07-01,Digital,14374.06
GRR,2020-07-01,Billboard & radio,6478.4
GRR,2020-07-01,Sponsorships,6455.41
GRR,2020-08-01,TV,14590.26
GRR,2020-08-01,Digital,15077.37
GRR,2020-08-01,Billboard & radio,6339.33
GRR,2020-08-01,Sponsorships,6558.84
GRR,2020-09-01,TV,14646.38
GRR,2020-09-01,Digital,14180.73
GRR,2020-09-01,Billboard & radio,6291.4
GRR,2020-09-01,Sponsorships,5280.85
GRR,2020-10-01,TV,14713.9
GRR,2020-10-01,Digital,11803.8
GRR,2020-10-01,Billboard & radio,5654.3
GRR,2020-10-01,Sponsorships,6327.27
GRR,2020-11-01,TV,14782.22
GRR,2020-11-01,Digital,13598.37
GRR,2020-11-01,Billboard & radio,5967.19
GRR,2020-11-01,Sponsorships,6611.51
GRR,2020-12-01,TV,14088.09
GRR,2020-12-01,Digital,16056.61
GRR,2020-12-01,Billboard & radio,6186.91
GRR,2020-12-01,Sponsorships,6313.74
GRR,2021-01-01,TV,15604.68
GRR,2021-01-01,Digital,14532.09
GRR,2021-01-01,Billboard & radio,5877.4
GRR,2021-01-01,Sponsorships,6153.55
GRR,2021-02-01,TV,14411.79
GRR,2021-02-01,Digital,13452.33
GRR,2021-02-01,Billboard & radio,6108.35
GRR,2021-02-01,Sponsorships,5957.88
GRR,2021-03-01,TV,15104.77
GRR,2021-03-01,Digital,14462.49
GRR,2021-03-01,Billboard & radio,6100.01
GRR,2021-03-01,Sponsorships,6154.65
GRR,2021-04-01,TV,14598.57
GRR,2021-04-01,Digital,14882.76
GRR,2021-04-01,Billboard & radio,5878.21
GRR,2021-04-01,Sponsorships,5865.26
GRR,2021-05-01,TV,15234.94
GRR,2021-05-01,Digital,14139.84
GRR,2021-05-01,Billboard & radio,5749.16
GRR,2021-05-01,Sponsorships,6324.8
GRR,2021-06-01,TV,14772.0
GRR,2021-06-01,Digital,13332.51
GRR,2021-06-01,Billboard & radio,6258.5
GRR,2021-06-01,Sponsorships,6415.07
GRR,2021-07-01,TV,14707.76
GRR,2021-07-01,Digital,14893.71
GRR,2021-07-01,Billboard & radio,5753.05
GRR,2021-07-01,Sponsorships,6289.92
GRR,2021-08-01,TV,14219.05
GRR,2021-08-01,Digital,14088.99
GRR,2021-08-01,Billboard & radio,6456.83
GRR,2021-08-01,Sponsorships,6645.15
GRR,2021-09-01,TV,15732.81
GRR,2021-09-01,Digital,15386.63
GRR,2021-09-01,Billboard & radio,6153.55
GRR,2021-09-01,Sponsorships,6296.62
GRR,2021-10-01,TV,14991.05
GRR,2021-10-01,Digital,14524.98
GRR,2021-10-01,Billboard & radio,6227.96
GRR,2021-10-01,Sponsorships,6442.35
GRR,2021-11-01,TV,14394.71
GRR,2021-11-01,Digital,13911.05
GRR,2021-11-01,Billboard & radio,6059.27
GRR,2021-11-01,Sponsorships,6383.62
GRR,2021-12-01,TV,14439.66
GRR,2021-12-01,Digital,14683.09
GRR,2021-12-01,Billboard & radio,6394.81
GRR,2021-12-01,Sponsorships,6071.53
GRR,2022-01-01,TV,14983.42
GRR,2022-01-01,Digital,14710.98
GRR,2022-01-01,Billboard & radio,5805.48
GRR,2022-01-01,Sponsorships,6633.71
GRR,2022-02-01,TV,14076.02
GRR,2022-02-01,Digital,13242.73
GRR,2022-02-01,Billboard & radio,5864.19
GRR,2022-02-01,Sponsorships,5871.61
GRR,2022-03-01,TV,14475.16
GRR,2022-03-01,Digital,14239.81
GRR,2022-03-01,Billboard & radio,6083.29
GRR,2022-03-01,Sponsorships,6379.22
GRR,2022-04-01,TV,14682.85
GRR,2022-04-01,Digital,14665.65
GRR,2022-04-01,Billboard & radio,6314.29
GRR,2022-04-01,Sponsorships,6378.12
GRR,2022-05-01,TV,12915.82
GRR,2022-05-01,Digital,14174.42
GRR,2022-05-01,Billboard & radio,5513.0
GRR,2022-05-01,Sponsorships,6198.66
GRR,2022-06-01,TV,14434.16
GRR,2022-06-01,Digital,15192.24
GRR,2022-06-01,Billboard & radio,6554.92
GRR,2022-06-01,Sponsorships,6250.23
GRR,2022-07-01,TV,14076.3
GRR,2022-07-01,Digital,14787.73
GRR,2022-07-01,Billboard & radio,6024.18
GRR,2022-07-01,Sponsorships,6187.07
GRR,2022-08-01,TV,15149.37
GRR,2022-08-01,Digital,14034.86
GRR,2022-08-01,Billboard & radio,6436.76
GRR,2022-08-01,Sponsorships,6397.07
GRR,2022-09-01,TV,13748.26
GRR,2022-09-01,Digital,15140.53
GRR,2022-09-01,Billboard & radio,6403.62
GRR,2022-09-01,Sponsorships,6219.03
GRR,2022-10-01,TV,13887.2
GRR,2022-10-01,Digital,13817.26
GRR,2022-10-01,Billboard & radio,6021.16
GRR,2022-10-01,Sponsorships,6355.37
GRR,2022-11-01,TV,13747.66
GRR,2022-11-01,Digital,14753.33
GRR,2022-11-01,Billboard & radio,5803.33
GRR,2022-11-01,Sponsorships,6124.37
GRR,2022-12-01,TV,14516.65
GRR,2022-12-01,Digital,16202.58
GRR,2022-12-01,Billboard & radio,5761.39
GRR,2022-12-01,Sponsorships,6642.9
GRR,2023-01-01,TV,14545.67
GRR,2023-01-01,Digital,14734.31
GRR,2023-01-01,Billboard & radio,6224.11
GRR,2023-01-01,Sponsorships,6325.09
GRR,2023-02-01,TV,14326.56
GRR,2023-02-01,Digital,15487.14
GRR,2023-02-01,Billboard & radio,6046.28
GRR,2023-02-01,Sponsorships,6537.79
GRR,2023-03-01,TV,13972.35
GRR,2023-03-01,Digital,14394.01
GRR,2023-03-01,Billboard & radio,5855.86
GRR,2023-03-01,Sponsorships,6328.27
GRR,2023-04-01,TV,15480.7
GRR,2023-04-01,Digital,14381.66
GRR,2023-04-01,Billboard & radio,6126.59
GRR,2023-04-01,Sponsorships,5842.67
GRR,2023-05-01,TV,14271.98
GRR,2023-05-01,Digital,13287.7
GRR,2023-05-01,Billboard & radio,5905.08
GRR,2023-05-01,Sponsorships,6257.66
GRR,2023-06-01,TV,15389.66
GRR,2023-06-01,Digital,16465.4
GRR,2023-06-01,Billboard & radio,6006.03
GRR,2023-06-01,Sponsorships,6631.55
GRR,2023-07-01,TV,14613.46
GRR,2023-07-01,Digital,14328.32
GRR,2023-07-01,Billboard & radio,6321.33
GRR,2023-07-01,Sponsorships,6206.66
GRR,2023-08-01,TV,14517.19
GRR,2023-08-01,Digital,14142.73
GRR,2023-08-01,Billboard & radio,5754.96
GRR,2023-08-01,Sponsorships,5709.94
GRR,2023-09-01,TV,14909.06
GRR,2023-09-01,Digital,14237.76
GRR,2023-09-01,Billboard & radio,6003.08
GRR,2023-09-01,Sponsorships,6190.13
GRR,2023-10-01,TV,15011.34
GRR,2023-10-01,Digital,14567.7
GRR,2023-10-01,Billboard & radio,5984.53
GRR,2023-10-01,Sponsorships,6566.88
GRR,2023-11-01,TV,15577.47
GRR,2023-11-01,Digital,14794.51
GRR,2023-11-01,Billboard & radio,6488.73
GRR,2023-11-01,Sponsorships,6571.73
GRR,2023-12-01,TV,15253.29
GRR,2023-12-01,Digital,14880.8
GRR,2023-12-01,Billboard & radio,6372.61
GRR,2023-12-01,Sponsorships,6348.27
GRR,2024-01-01,TV,13645.36
GRR,2024-01-01,Digital,14943.33
GRR,2024-01-01,Billboard & radio,5768.05
GRR,2024-01-01,Sponsorships,5941.67
GRR,2024-02-01,TV,15378.51
GRR,2024-02-01,Digital,15044.03
GRR,2024-02-01,Billboard & radio,6647.66
GRR,2024-02-01,Sponsorships,6103.45
GRR,2024-03-01,TV,13605.72
GRR,2024-03-01,Digital,14263.93
GRR,2024-03-01,Billboard & radio,6219.07
GRR,2024-03-01,Sponsorships,6211.94
GRR,2024-04-01,TV,15255.88
GRR,2024-04-01,Digital,14176.71
GRR,2024-04-01,Billboard & radio,6296.41
GRR,2024-04-01,Sponsorships,5881.64
GRR,2024-05-01,TV,14762.57
GRR,2024-05-01,Digital,14439.74
GRR,2024-05-01,Billboard & radio,5955.53
GRR,2024-05-01,Sponsorships,6114.54
GRR,2024-06-01,TV,14304.55
GRR,2024-06-01,Digital,14242.48
GRR,2024-06-01,Billboard & radio,6735.51
GRR,2024-06-01,Sponsorships,6157.04
GRR,2024-07-01,TV,14261.44
GRR,2024-07-01,Digital,12923.4
GRR,2024-07-01,Billboard & radio,5910.85
GRR,2024-07-01,Sponsorships,6106.11
GRR,2024-08-01,TV,13942.4
GRR,2024-08-01,Digital,15434.92
GRR,2024-08-01,Billboard & radio,6136.47
GRR,2024-08-01,Sponsorships,6586.11
GRR,2024-09-01,TV,14482.04
GRR,2024-09-01,Digital,14464.37
GRR,2024-09-01,Billboard & radio,6160.03
GRR,2024-09-01,Sponsorships,6188.67
GRR,2024-10-01,TV,15678.26
GRR,2024-10-01,Digital,12763.03
GRR,2024-10-01,Billboard & radio,5568.27
GRR,2024-10-01,Sponsorships,6019.46
GRR,2024-11-01,TV,14447.99
GRR,2024-11-01,Digital,14935.67
GRR,2024-11-01,Billboard & radio,6333.86
GRR,2024-11-01,Sponsorships,6068.62
GRR,2024-12-01,TV,15173.12
GRR,2024-12-01,Digital,15181.17
GRR,2024-12-01,Billboard & radio,6244.44
GRR,2024-12-01,Sponsorships,6485.32
CMH,2013-01-01,TV,22616.67
CMH,2013-01-01,Digital,21686.1
CMH,2013-01-01,Billboard & radio,9896.14
CMH,2013-01-01,Sponsorships,9615.39
CMH,2013-02-01,TV,22313.99
CMH,2013-02-01,Digital,23955.76
CMH,2013-02-01,Billboard & radio,8390.68
CMH,2013-02-01,Sponsorships,8884.67
CMH,2013-03-01,TV,20988.17
CMH,2013-03-01,Digital,21907.24
CMH,2013-03-01,Billboard & radio,9440.77
CMH,2013-03-01,Sponsorships,8841.81
CMH,2013-04-01,TV,21213.43
CMH,2013-04-01,Digital,21352.12
CMH,2013-04-01,Billboard & radio,10737.46
CMH,2013-04-01,Sponsorships,10423.96
CMH,2013-05-01,TV,21853.14
CMH,2013-05-01,Digital,21906.88
CMH,2013-05-01,Billboard & radio,9013.04
CMH,2013-05-01,Sponsorships,8650.18
CMH,2013-06-01,TV,22182.11
CMH,2013-06-01,Digital,21199.27
CMH,2013-06-01,Billboard & radio,9521.93
CMH,2013-06-01,Sponsorships,8797.4
CMH,2013-07-01,TV,21462.42
CMH,2013-07-01,Digital,22478.31
CMH,2013-07-01,Billboard & radio,9737.59
CMH,2013-07-01,Sponsorships,9762.1
CMH,2013-08-01,TV,20839.33
CMH,2013-08-01,Digital,23266.01
CMH,2013-08-01,Billboard & radio,9179.9
CMH,2013-08-01,Sponsorships,9865.09
CMH,2013-09-01,TV,22300.63
CMH,2013-09-01,Digital,20776.97
CMH,2013-09-01,Billboard & radio,9411.32
CMH,2013-09-01,Sponsorships,9737.19
CMH,2013-10-01,TV,22996.34
CMH,2013-10-01,Digital,22155.21
CMH,2013-10-01,Billboard & radio,10294.88
CMH,2013-10-01,Sponsorships,10044.22
CMH,2013-11-01,TV,22026.17
CMH,2013-11-01,Digital,23149.35
CMH,2013-11-01,Billboard & radio,10487.1
CMH,2013-11-01,Sponsorships,10499.86
CMH,2013-12-01,TV,20942.51
CMH,2013-12-01,Digital,21278.84
CMH,2013-12-01,Billboard & radio,10272.48
CMH,2013-12-01,Sponsorships,9056.51
CMH,2014-01-01,TV,20837.04
CMH,2014-01-01,Digital,21770.09
CMH,2014-01-01,Billboard & radio,9763.42
CMH,2014-01-01,Sponsorships,9513.54
CMH,2014-02-01,TV,21586.71
CMH,2014-02-01,Digital,21560.33
CMH,2014-02-01,Billboard & radio,9221.91
CMH,2014-02-01,Sponsorships,9141.98
CMH,2014-03-01,TV,24857.95
CMH,2014-03-01,Digital,22644.41
CMH,2014-03-01,Billboard & radio,9986.48
CMH,2014-03-01,Sponsorships,9328.66
CMH,2014-04-01,TV,22105.04
CMH,2014-04-01,Digital,21516.44
CMH,2014-04-01,Billboard & radio,8294.65
CMH,2014-04-01,Sponsorships,8903.64
CMH,2014-05-01,TV,20292.53
CMH,2014-05-01,Digital,19802.58
CMH,2014-05-01,Billboard & radio,8990.97
CMH,2014-05-01,Sponsorships,10195.99
CMH,2014-06-01,TV,22262.93
CMH,2014-06-01,Digital,23752.29
CMH,2014-06-01,Billboard & radio,9759.0
CMH,2014-06-01,Sponsorships,9936.66
CMH,2014-07-01,TV,21307.44
CMH,2014-07-01,Digital,22897.03
CMH,2014-07-01,Billboard & radio,9910.92
CMH,2014-07-01,Sponsorships,9286.79
CMH,2014-08-01,TV,22936.74
CMH,2014-08-01,Digital,22944.15
CMH,2014-08-01,Billboard & radio,9299.75
CMH,2014-08-01,Sponsorships,9025.68
CMH,2014-09-01,TV,20991.46
CMH,2014-09-01,Digital,22409.01
CMH,2014-09-01,Billboard & radio,9718.85
CMH,2014-09-01,Sponsorships,9183.57
CMH,2014-10-01,TV,22342.16
CMH,2014-10-01,Digital,22949.01
CMH,2014-10-01,Billboard & radio,9858.07
CMH,2014-10-01,Sponsorships,10304.49
CMH,2014-11-01,TV,23737.13
CMH,2014-11-01,Digital,21195.43
CMH,2014-11-01,Billboard & radio,10367.46
CMH,2014-11-01,Sponsorships,9308.63
CMH,2014-12-01,TV,23478.19
CMH,2014-12-01,Digital,22388.35
CMH,2014-12-01,Billboard & radio,9365.44
CMH,2014-12-01,Sponsorships,8698.19
CMH,2015-01-01,TV,22121.1
CMH,2015-01-01,Digital,20572.81
CMH,2015-01-01,Billboard & radio,10024.99
CMH,2015-01-01,Sponsorships,10287.72
CMH,2015-02-01,TV,21423.45
CMH,2015-02-01,Digital,22649.39
CMH,2015-02-01,Billboard & radio,9215.67
CMH,2015-02-01,Sponsorships,9262.01
CMH,2015-03-01,TV,23176.55
CMH,2015-03-01,Digital,22269.51
CMH,2015-03-01,Billboard & radio,10394.27
CMH,2015-03-01,Sponsorships,9331.93
CMH,2015-04-01,TV,23427.38
CMH,2015-04-01,Digital,22421.18
CMH,2015-04-01,Billboard & radio,9942.98
CMH,2015-04-01,Sponsorships,9348.7
CMH,2015-05-01,TV,22257.21
CMH,2015-05-01,Digital,22183.65
CMH,2015-05-01,Billboard & radio,9162.76
CMH,2015-05-01,Sponsorships,9879.06
CMH,2015-06-01,TV,23037.93
CMH,2015-06-01,Digital,22974.68
CMH,2015-06-01,Billboard & radio,10297.36
CMH,2015-06-01,Sponsorships,10255.47
CMH,2015-07-01,TV,21894.2
CMH,2015-07-01,Digital,22728.69
CMH,2015-07-01,Billboard & radio,9264.34
CMH,2015-07-01,Sponsorships,9573.67
CMH,2015-08-01,TV,21643.4
CMH,2015-08-01,Digital,24119.89
CMH,2015-08-01,Billboard & radio,9736.39
CMH,2015-08-01,Sponsorships,9458.25
CMH,2015-09-01,TV,23644.13
CMH,2015-09-01,Digital,19890.91
CMH,2015-09-01,Billboard & radio,8599.51
CMH,2015-09-01,Sponsorships,9943.01
CMH,2015-10-01,TV,22379.96
CMH,2015-10-01,Digital,22591.9
CMH,2015-10-01,Billboard & radio,8928.32
CMH,2015-10-01,Sponsorships,9551.39
CMH,2015-11-01,TV,24547.67
CMH,2015-11-01,Digital,23232.0
CMH,2015-11-01,Billboard & radio,9643.64
CMH,2015-11-01,Sponsorships,9352.58
CMH,2015-12-01,TV,21872.3
CMH,2015-12-01,Digital,19937.11
CMH,2015-12-01,Billboard & radio,9685.68
CMH,2015-12-01,Sponsorships,9966.75
CMH,2016-01-01,TV,20554.7
CMH,2016-01-01,Digital,21574.61
CMH,2016-01-01,Billboard & radio,9009.09
CMH,2016-01-01,Sponsorships,9100.94
CMH,2016-02-01,TV,22372.17
CMH,2016-02-01,Digital,19987.09
CMH,2016-02-01,Billboard & radio,9856.2
CMH,2016-02-01,Sponsorships,9922.94
CMH,2016-03-01,TV,22032.36
CMH,2016-03-01,Digital,19544.96
CMH,2016-03-01,Billboard & radio,9086.09
CMH,2016-03-01,Sponsorships,10151.98
CMH,2016-04-01,TV,19213.3
CMH,2016-04-01,Digital,21924.79
CMH,2016-04-01,Billboard & radio,8998.31
CMH,2016-04-01,Sponsorships,9947.19
CMH,2016-05-01,TV,21559.33
CMH,2016-05-01,Digital,22763.16
CMH,2016-05-01,Billboard & radio,9832.86
CMH,2016-05-01,Sponsorships,10440.45
CMH,2016-06-01,TV,22086.09
CMH,2016-06-01,Digital,22732.02
CMH,2016-06-01,Billboard & radio,8852.46
CMH,2016-06-01,Sponsorships,10131.67
CMH,2016-07-01,TV,21464.06
CMH,2016-07-01,Digital,21686.91
CMH,2016-07-01,Billboard & radio,9551.86
CMH,2016-07-01,Sponsorships,8815.25
CMH,2016-08-01,TV,22567.72
CMH,2016-08-01,Digital,23391.83
CMH,2016-08-01,Billboard & radio,9702.56
CMH,2016-08-01,Sponsorships,8802.81
CMH,2016-09-01,TV,22174.38
CMH,2016-09-01,Digital,23140.33
CMH,2016-09-01,Billboard & radio,8664.59
CMH,2016-09-01,Sponsorships,9048.63
CMH,2016-10-01,TV,23290.39
CMH,2016-10-01,Digital,22613.83
CMH,2016-10-01,Billboard & radio,9759.47
CMH,2016-10-01,Sponsorships,10451.57
CMH,2016-11-01,TV,22835.23
CMH,2016-11-01,Digital,23046.46
CMH,2016-11-01,Billboard & radio,10858.58
CMH,2016-11-01,Sponsorships,9460.27
CMH,2016-12-01,TV,21422.36
CMH,2016-12-01,Digital,22789.76
CMH,2016-12-01,Billboard & radio,9772.39
CMH,2016-12-01,Sponsorships,9310.66
CMH,2017-01-01,TV,21160.73
CMH,2017-01-01,Digital,24889.42
CMH,2017-01-01,Billboard & radio,9718.77
CMH,2017-01-01,Sponsorships,9212.38
CMH,2017-02-01,TV,23334.33
CMH,2017-02-01,Digital,22190.73
CMH,2017-02-01,Billboard & radio,9441.59
CMH,2017-02-01,Sponsorships,9831.34
CMH,2017-03-01,TV,20871.24
CMH,2017-03-01,Digital,22705.9
CMH,2017-03-01,Billboard & radio,10477.13
CMH,2017-03-01,Sponsorships,9785.39
CMH,2017-04-01,TV,21892.79
CMH,2017-04-01,Digital,21746.76
CMH,2017-04-01,Billboard & radio,9366.31
CMH,2017-04-01,Sponsorships,9441.07
CMH,2017-05-01,TV,21891.01
CMH,2017-05-01,Digital,23334.76
CMH,2017-05-01,Billboard & radio,8733.81
CMH,2017-05-01,Sponsorships,9974.64
CMH,2017-06-01,TV,21888.91
CMH,2017-06-01,Digital,22733.03
CMH,2017-06-01,Billboard & radio,9023.66
CMH,2017-06-01,Sponsorships,10197.75
CMH,2017-07-01,TV,23702.16
CMH,2017-07-01,Digital,23383.04
CMH,2017-07-01,Billboard & radio,8838.26
CMH,2017-07-01,Sponsorships,9958.92
CMH,2017-08-01,TV,22764.17
CMH,2017-08-01,Digital,20521.62
CMH,2017-08-01,Billboard & radio,9550.88
CMH,2017-08-01,Sponsorships,9736.79
CMH,2017-09-01,TV,22932.87
CMH,2017-09-01,Digital,22510.26
CMH,2017-09-01,Billboard & radio,9701.75
CMH,2017-09-01,Sponsorships,10267.07
CMH,2017-10-01,TV,23680.29
CMH,2017-10-01,Digital,19113.94
CMH,2017-10-01,Billboard & radio,9410.72
CMH,2017-10-01,Sponsorships,9483.78
CMH,2017-11-01,TV,20357.82
CMH,2017-11-01,Digital,22417.57
CMH,2017-11-01,Billboard & radio,10159.56
CMH,2017-11-01,Sponsorships,9042.98
CMH,2017-12-01,TV,22687.8
CMH,2017-12-01,Digital,21290.78
CMH,2017-12-01,Billboard & radio,9241.24
CMH,2017-12-01,Sponsorships,10268.88
CMH,2018-01-01,TV,21707.21
CMH,2018-01-01,Digital,22828.16
CMH,2018-01-01,Billboard & radio,8667.82
CMH,2018-01-01,Sponsorships,10452.92
CMH,2018-02-01,TV,22984.83
CMH,2018-02-01,Digital,22108.9
CMH,2018-02-01,Billboard & radio,9837.68
CMH,2018-02-01,Sponsorships,8888.43
CMH,2018-03-01,TV,23631.76
CMH,2018-03-01,Digital,21951.05
CMH,2018-03-01,Billboard & radio,9464.93
CMH,2018-03-01,Sponsorships,9327.43
CMH,2018-04-01,TV,21664.71
CMH,2018-04-01,Digital,23087.49
CMH,2018-04-01,Billboard & radio,9684.86
CMH,2018-04-01,Sponsorships,9874.12
CMH,2018-05-01,TV,22302.69
CMH,2018-05-01,Digital,22885.04
CMH,2018-05-01,Billboard & radio,9362.24
CMH,2018-05-01,Sponsorships,10628.59
CMH,2018-06-01,TV,20563.28
CMH,2018-06-01,Digital,23719.23
CMH,2018-06-01,Billboard & radio,10216.53
CMH,2018-06-01,Sponsorships,9155.06
CMH,2018-07-01,TV,24799.53
CMH,2018-07-01,Digital,23423.09
CMH,2018-07-01,Billboard & radio,10026.83
CMH,2018-07-01,Sponsorships,9575.9
CMH,2018-08-01,TV,22070.16
CMH,2018-08-01,Digital,22078.88
CMH,2018-08-01,Billboard & radio,9749.22
CMH,2018-08-01,Sponsorships,10232.44
CMH,2018-09-01,TV,22514.78
CMH,2018-09-01,Digital,21295.67
CMH,2018-09-01,Billboard & radio,9956.68
CMH,2018-09-01,Sponsorships,10002.93
CMH,2018-10-01,TV,23042.85
CMH,2018-10-01,Digital,23144.2
CMH,2018-10-01,Billboard & radio,9432.96
CMH,2018-10-01,Sponsorships,9118.33
CMH,2018-11-01,TV,21343.92
CMH,2018-11-01,Digital,20487.94
CMH,2018-11-01,Billboard & radio,9675.79
CMH,2018-11-01,Sponsorships,9522.6
CMH,2018-12-01,TV,21821.64
CMH,2018-12-01,Digital,19015.14
CMH,2018-12-01,Billboard & radio,8966.13
CMH,2018-12-01,Sponsorships,10098.4
CMH,2019-01-01,TV,21571.03
CMH,2019-01-01,Digital,22714.79
CMH,2019-01-01,Billboard & radio,8897.58
CMH,2019-01-01,Sponsorships,10250.38
CMH,2019-02-01,TV,22151.82
CMH,2019-02-01,Digital,22636.08
CMH,2019-02-01,Billboard & radio,10674.51
CMH,2019-02-01,Sponsorships,10287.55
CMH,2019-03-01,TV,21970.49
CMH,2019-03-01,Digital,21650.69
CMH,2019-03-01,Billboard & radio,9406.85
CMH,2019-03-01,Sponsorships,9806.3
CMH,2019-04-01,TV,22195.11
CMH,2019-04-01,Digital,21871.56
CMH,2019-04-01,Billboard & radio,10264.0
CMH,2019-04-01,Sponsorships,9507.89
CMH,2019-05-01,TV,24877.98
CMH,2019-05-01,Digital,22413.73
CMH,2019-05-01,Billboard & radio,10416.11
CMH,2019-05-01,Sponsorships,9733.34
CMH,2019-06-01,TV,23386.8
CMH,2019-06-01,Digital,21504.11
CMH,2019-06-01,Billboard & radio,9154.3
CMH,2019-06-01,Sponsorships,9782.3
CMH,2019-07-01,TV,23415.35
CMH,2019-07-01,Digital,22357.41
CMH,2019-07-01,Billboard & radio,8947.44
CMH,2019-07-01,Sponsorships,8912.13
CMH,2019-08-01,TV,20720.35
CMH,2019-08-01,Digital,20340.5
CMH,2019-08-01,Billboard & radio,9614.85
CMH,2019-08-01,Sponsorships,10100.41
CMH,2019-09-01,TV,22297.53
CMH,2019-09-01,Digital,19790.72
CMH,2019-09-01,Billboard & radio,9471.29
CMH,2019-09-01,Sponsorships,9484.66
CMH,2019-10-01,TV,24650.85
CMH,2019-10-01,Digital,20686.88
CMH,2019-10-01,Billboard & radio,9375.71
CMH,2019-10-01,Sponsorships,10378.11
CMH,2019-11-01,TV,22814.51
CMH,2019-11-01,Digital,22940.95
CMH,2019-11-01,Billboard & radio,9617.29
CMH,2019-11-01,Sponsorships,9720.25
CMH,2019-12-01,TV,23180.02
CMH,2019-12-01,Digital,21409.42
CMH,2019-12-01,Billboard & radio,9982.32
CMH,2019-12-01,Sponsorships,8906.03
CMH,2020-01-01,TV,22678.84
CMH,2020-01-01,Digital,22511.91
CMH,2020-01-01,Billboard & radio,9267.83
CMH,2020-01-01,Sponsorships,9551.65
CMH,2020-02-01,TV,21617.98
CMH,2020-02-01,Digital,21116.88
CMH,2020-02-01,Billboard & radio,9393.43
CMH,2020-02-01,Sponsorships,9034.66
CMH,2020-03-01,TV,22672.62
CMH,2020-03-01,Digital,21029.44
CMH,2020-03-01,Billboard & radio,9902.91
CMH,2020-03-01,Sponsorships,8997.61
CMH,2020-04-01,TV,21680.73
CMH,2020-04-01,Digital,21615.68
CMH,2020-04-01,Billboard & radio,10196.09
CMH,2020-04-01,Sponsorships,9720.42
CMH,2020-05-01,TV,22076.28
CMH,2020-05-01,Digital,22868.88
CMH,2020-05-01,Billboard & radio,8555.0
CMH,2020-05-01,Sponsorships,9541.88
CMH,2020-06-01,TV,24540.98
CMH,2020-06-01,Digital,22460.15
CMH,2020-06-01,Billboard & radio,9594.97
CMH,2020-06-01,Sponsorships,9824.57
CMH,2020-07-01,TV,23311.66
CMH,2020-07-01,Digital,20084.08
CMH,2020-07-01,Billboard & radio,8758.14
CMH,2020-07-01,Sponsorships,9663.05
CMH,2020-08-01,TV,21514.97
CMH,2020-08-01,Digital,23776.23
CMH,2020-08-01,Billboard & radio,9411.81
CMH,2020-08-01,Sponsorships,8637.55
CMH,2020-09-01,TV,20897.87
CMH,2020-09-01,Digital,19244.89
CMH,2020-09-01,Billboard & radio,9450.56
CMH,2020-09-01,Sponsorships,9472.43
CMH,2020-10-01,TV,21838.96
CMH,2020-10-01,Digital,23516.12
CMH,2020-10-01,Billboard & radio,10135.54
CMH,2020-10-01,Sponsorships,9481.03
CMH,2020-11-01,TV,19930.98
CMH,2020-11-01,Digital,23001.15
CMH,2020-11-01,Billboard & radio,9828.03
CMH,2020-11-01,Sponsorships,9710.43
CMH,2020-12-01,TV,23407.46
CMH,2020-12-01,Digital,21012.99
CMH,2020-12-01,Billboard & radio,10522.94
CMH,2020-12-01,Sponsorships,9103.77
CMH,2021-01-01,TV,23148.35
CMH,2021-01-01,Digital,20430.05
CMH,2021-01-01,Billboard & radio,9117.72
CMH,2021-01-01,Sponsorships,10287.51
CMH,2021-02-01,TV,22021.43
CMH,2021-02-01,Digital,23249.54
CMH,2021-02-01,Billboard & radio,9675.79
CMH,2021-02-01,Sponsorships,9512.32
CMH,2021-03-01,TV,23834.05
CMH,2021-03-01,Digital,22048.48
CMH,2021-03-01,Billboard & radio,8711.08
CMH,2021-03-01,Sponsorships,9178.45
CMH,2021-04-01,TV,22927.42
CMH,2021-04-01,Digital,22753.74
CMH,2021-04-01,Billboard & radio,8813.25
CMH,2021-04-01,Sponsorships,9216.17
CMH,2021-05-01,TV,21663.52
CMH,2021-05-01,Digital,21904.77
CMH,2021-05-01,Billboard & radio,8904.64
CMH,2021-05-01,Sponsorships,9262.06
CMH,2021-06-01,TV,21499.64
CMH,2021-06-01,Digital,23173.24
CMH,2021-06-01,Billboard & radio,9949.36
CMH,2021-06-01,Sponsorships,9492.78
CMH,2021-07-01,TV,21875.13
CMH,2021-07-01,Digital,22468.6
CMH,2021-07-01,Billboard & radio,9172.08
CMH,2021-07-01,Sponsorships,9014.17
CMH,2021-08-01,TV,21263.57
CMH,2021-08-01,Digital,21604.29
CMH,2021-08-01,Billboard & radio,9006.21
CMH,2021-08-01,Sponsorships,9639.98
CMH,2021-09-01,TV,23126.59
CMH,2021-09-01,Digital,20541.89
CMH,2021-09-01,Billboard & radio,9574.51
CMH,2021-09-01,Sponsorships,9457.34
CMH,2021-10-01,TV,22693.5
CMH,2021-10-01,Digital,22298.07
CMH,2021-10-01,Billboard & radio,8867.5
CMH,2021-10-01,Sponsorships,8958.92
CMH,2021-11-01,TV,22345.33
CMH,2021-11-01,Digital,23460.23
CMH,2021-11-01,Billboard & radio,8503.84
CMH,2021-11-01,Sponsorships,9727.8
CMH,2021-12-01,TV,23639.67
CMH,2021-12-01,Digital,22141.78
CMH,2021-12-01,Billboard & radio,9825.57
CMH,2021-12-01,Sponsorships,9226.35
CMH,2022-01-01,TV,22179.33
CMH,2022-01-01,Digital,20504.17
CMH,2022-01-01,Billboard & radio,8441.61
CMH,2022-01-01,Sponsorships,10013.26
CMH,2022-02-01,TV,21213.62
CMH,2022-02-01,Digital,21804.3
CMH,2022-02-01,Billboard & radio,8899.61
CMH,2022-02-01,Sponsorships,8888.36
CMH,2022-03-01,TV,22118.56
CMH,2022-03-01,Digital,21498.57
CMH,2022-03-01,Billboard & radio,9743.22
CMH,2022-03-01,Sponsorships,9778.87
CMH,2022-04-01,TV,22670.45
CMH,2022-04-01,Digital,22578.69
CMH,2022-04-01,Billboard & radio,10316.87
CMH,2022-04-01,Sponsorships,9052.06
CMH,2022-05-01,TV,22251.21
CMH,2022-05-01,Digital,23576.16
CMH,2022-05-01,Billboard & radio,10167.11
CMH,2022-05-01,Sponsorships,8882.72
CMH,2022-06-01,TV,21964.03
CMH,2022-06-01,Digital,23827.65
CMH,2022-06-01,Billboard & radio,9805.43
CMH,2022-06-01,Sponsorships,9655.86
CMH,2022-07-01,TV,22069.65
CMH,2022-07-01,Digital,21884.32
CMH,2022-07-01,Billboard & radio,9700.3
CMH,2022-07-01,Sponsorships,9441.83
CMH,2022-08-01,TV,22265.0
CMH,2022-08-01,Digital,22400.19
CMH,2022-08-01,Billboard & radio,9238.3
CMH,2022-08-01,Sponsorships,9816.92
CMH,2022-09-01,TV,25563.7
CMH,2022-09-01,Digital,20330.05
CMH,2022-09-01,Billboard & radio,9717.42
CMH,2022-09-01,Sponsorships,9199.03
CMH,2022-10-01,TV,22956.66
CMH,2022-10-01,Digital,22364.44
CMH,2022-10-01,Billboard & radio,9926.76
CMH,2022-10-01,Sponsorships,10124.54
CMH,2022-11-01,TV,22527.17
CMH,2022-11-01,Digital,23575.45
CMH,2022-11-01,Billboard & radio,8441.63
CMH,2022-11-01,Sponsorships,10322.94
CMH,2022-12-01,TV,22730.93
CMH,2022-12-01,Digital,23514.97
CMH,2022-12-01,Billboard & radio,8979.25
CMH,2022-12-01,Sponsorships,9165.29
CMH,2023-01-01,TV,22475.31
CMH,2023-01-01,Digital,22293.49
CMH,2023-01-01,Billboard & radio,9697.84
CMH,2023-01-01,Sponsorships,10081.03
CMH,2023-02-01,TV,20343.18
CMH,2023-02-01,Digital,23398.92
CMH,2023-02-01,Billboard & radio,9566.46
CMH,2023-02-01,Sponsorships,9465.07
CMH,2023-03-01,TV,20671.29
CMH,2023-03-01,Digital,22873.71
CMH,2023-03-01,Billboard & radio,8408.25
CMH,2023-03-01,Sponsorships,9872.51
CMH,2023-04-01,TV,20647.87
CMH,2023-04-01,Digital,22372.14
CMH,2023-04-01,Billboard & radio,9505.52
CMH,2023-04-01,Sponsorships,10121.69
CMH,2023-05-01,TV,22113.19
CMH,2023-05-01,Digital,21538.1
CMH,2023-05-01,Billboard & radio,9320.28
CMH,2023-05-01,Sponsorships,10171.1
CMH,2023-06-01,TV,22910.81
CMH,2023-06-01,Digital,21882.28
CMH,2023-06-01,Billboard & radio,9449.45
CMH,2023-06-01,Sponsorships,8813.19
CMH,2023-07-01,TV,22745.89
CMH,2023-07-01,Digital,20349.21
CMH,2023-07-01,Billboard & radio,9921.95
CMH,2023-07-01,Sponsorships,9624.0
CMH,2023-08-01,TV,24975.44
CMH,2023-08-01,Digital,21085.16
CMH,2023-08-01,Billboard & radio,9513.41
CMH,2023-08-01,Sponsorships,10422.31
CMH,2023-09-01,TV,23641.64
CMH,2023-09-01,Digital,21535.79
CMH,2023-09-01,Billboard & radio,9669.58
CMH,2023-09-01,Sponsorships,9563.46
CMH,2023-10-01,TV,22627.06
CMH,2023-10-01,Digital,21533.03
CMH,2023-10-01,Billboard & radio,9519.79
CMH,2023-10-01,Sponsorships,8798.43
CMH,2023-11-01,TV,22463.25
CMH,2023-11-01,Digital,22814.55
CMH,2023-11-01,Billboard & radio,9453.77
CMH,2023-11-01,Sponsorships,8790.3
CMH,2023-12-01,TV,23415.33
CMH,2023-12-01,Digital,22719.17
CMH,2023-12-01,Billboard & radio,9215.37
CMH,2023-12-01,Sponsorships,9428.34
CMH,2024-01-01,TV,20638.32
CMH,2024-01-01,Digital,21168.53
CMH,2024-01-01,Billboard & radio,9305.36
CMH,2024-01-01,Sponsorships,10149.84
CMH,2024-02-01,TV,21599.05
CMH,2024-02-01,Digital,23026.74
CMH,2024-02-01,Billboard & radio,9305.12
CMH,2024-02-01,Sponsorships,9681.05
CMH,2024-03-01,TV,22154.76
CMH,2024-03-01,Digital,23286.5
CMH,2024-03-01,Billboard & radio,9306.79
CMH,2024-03-01,Sponsorships,8810.63
CMH,2024-04-01,TV,20770.76
CMH,2024-04-01,Digital,21719.12
CMH,2024-04-01,Billboard & radio,8965.29
CMH,2024-04-01,Sponsorships,9758.63
CMH,2024-05-01,TV,21792.88
CMH,2024-05-01,Digital,24961.67
CMH,2024-05-01,Billboard & radio,8731.66
CMH,2024-05-01,Sponsorships,9659.86
CMH,2024-06-01,TV,21054.13
CMH,2024-06-01,Digital,21762.05
CMH,2024-06-01,Billboard & radio,9630.12
CMH,2024-06-01,Sponsorships,8450.68
CMH,2024-07-01,TV,22576.71
CMH,2024-07-01,Digital,24435.43
CMH,2024-07-01,Billboard & radio,9345.7
CMH,2024-07-01,Sponsorships,9686.72
CMH,2024-08-01,TV,23455.93
CMH,2024-08-01,Digital,22129.59
CMH,2024-08-01,Billboard & radio,9284.73
CMH,2024-08-01,Sponsorships,8474.41
CMH,2024-09-01,TV,23027.61
CMH,2024-09-01,Digital,22186.25
CMH,2024-09-01,Billboard & radio,9078.31
CMH,2024-09-01,Sponsorships,9623.03
CMH,2024-10-01,TV,21661.33
CMH,2024-10-01,Digital,21722.97
CMH,2024-10-01,Billboard & radio,9852.38
CMH,2024-10-01,Sponsorships,8922.59
CMH,2024-11-01,TV,23480.91
CMH,2024-11-01,Digital,20753.21
CMH,2024-11-01,Billboard & radio,9245.65
CMH,2024-11-01,Sponsorships,10481.91
CMH,2024-12-01,TV,23570.21
CMH,2024-12-01,Digital,22421.39
CMH,2024-12-01,Billboard & radio,9112.81
CMH,2024-12-01,Sponsorships,9309.44
CLE,2013-01-01,TV,21076.94
CLE,2013-01-01,Digital,21039.4
CLE,2013-01-01,Billboard & radio,8959.11
CLE,2013-01-01,Sponsorships,8986.13
CLE,2013-02-01,TV,20774.91
CLE,2013-02-01,Digital,19485.92
CLE,2013-02-01,Billboard & radio,8767.57
CLE,2013-02-01,Sponsorships,9411.58
CLE,2013-03-01,TV,19563.25
CLE,2013-03-01,Digital,20800.97
CLE,2013-03-01,Billboard & radio,8631.11
CLE,2013-03-01,Sponsorships,9050.11
CLE,2013-04-01,TV,20591.94
CLE,2013-04-01,Digital,22551.26
CLE,2013-04-01,Billboard & radio,9227.96
CLE,2013-04-01,Sponsorships,8409.69
CLE,2013-05-01,TV,21704.79
CLE,2013-05-01,Digital,20186.62
CLE,2013-05-01,Billboard & radio,8740.35
CLE,2013-05-01,Sponsorships,9141.22
CLE,2013-06-01,TV,20483.67
CLE,2013-06-01,Digital,21937.5
CLE,2013-06-01,Billboard & radio,8651.47
CLE,2013-06-01,Sponsorships,8721.47
CLE,2013-07-01,TV,20310.81
CLE,2013-07-01,Digital,20406.08
CLE,2013-07-01,Billboard & radio,9494.64
CLE,2013-07-01,Sponsorships,9282.96
CLE,2013-08-01,TV,22795.44
CLE,2013-08-01,Digital,23381.03
CLE,2013-08-01,Billboard & radio,8536.18
CLE,2013-08-01,Sponsorships,9031.69
CLE,2013-09-01,TV,19764.99
CLE,2013-09-01,Digital,20183.51
CLE,2013-09-01,Billboard & radio,8716.46
CLE,2013-09-01,Sponsorships,8524.28
CLE,2013-10-01,TV,19895.52
CLE,2013-10-01,Digital,20848.5
CLE,2013-10-01,Billboard & radio,8452.48
CLE,2013-10-01,Sponsorships,9378.96
CLE,2013-11-01,TV,20036.36
CLE,2013-11-01,Digital,23950.05
CLE,2013-11-01,Billboard & radio,8796.88
CLE,2013-11-01,Sponsorships,9032.41
CLE,2013-12-01,TV,19639.89
CLE,2013-12-01,Digital,22791.4
CLE,2013-12-01,Billboard & radio,9503.78
CLE,2013-12-01,Sponsorships,9133.61
CLE,2014-01-01,TV,19585.86
CLE,2014-01-01,Digital,21221.2
CLE,2014-01-01,Billboard & radio,8495.36
CLE,2014-01-01,Sponsorships,9658.06
CLE,2014-02-01,TV,21849.65
CLE,2014-02-01,Digital,21100.21
CLE,2014-02-01,Billboard & radio,7903.63
CLE,2014-02-01,Sponsorships,8557.46
CLE,2014-03-01,TV,21722.15
CLE,2014-03-01,Digital,22273.53
CLE,2014-03-01,Billboard & radio,9499.13
CLE,2014-03-01,Sponsorships,8283.59
CLE,2014-04-01,TV,21316.63
CLE,2014-04-01,Digital,22066.29
CLE,2014-04-01,Billboard & radio,8253.75
CLE,2014-04-01,Sponsorships,8996.44
CLE,2014-05-01,TV,21287.53
CLE,2014-05-01,Digital,20684.2
CLE,2014-05-01,Billboard & radio,8166.53
CLE,2014-05-01,Sponsorships,8853.44
CLE,2014-06-01,TV,20656.33
CLE,2014-06-01,Digital,20844.52
CLE,2014-06-01,Billboard & radio,8746.44
CLE,2014-06-01,Sponsorships,8800.64
CLE,2014-07-01,TV,20958.31
CLE,2014-07-01,Digital,21464.58
CLE,2014-07-01,Billboard & radio,8863.01
CLE,2014-07-01,Sponsorships,8815.66
CLE,2014-08-01,TV,21096.97
CLE,2014-08-01,Digital,18983.04
CLE,2014-08-01,Billboard & radio,9214.67
CLE,2014-08-01,Sponsorships,8999.75
CLE,2014-09-01,TV,21041.68
CLE,2014-09-01,Digital,22008.77
CLE,2014-09-01,Billboard & radio,8121.23
CLE,2014-09-01,Sponsorships,8111.77
CLE,2014-10-01,TV,21287.49
CLE,2014-10-01,Digital,20992.53
CLE,2014-10-01,Billboard & radio,9076.58
CLE,2014-10-01,Sponsorships,8792.04
CLE,2014-11-01,TV,21697.57
CLE,2014-11-01,Digital,21979.27
CLE,2014-11-01,Billboard & radio,9217.79
CLE,2014-11-01,Sponsorships,8882.63
CLE,2014-12-01,TV,18786.93
CLE,2014-12-01,Digital,21807.7
CLE,2014-12-01,Billboard & radio,9549.78
CLE,2014-12-01,Sponsorships,9290.05
CLE,2015-01-01,TV,20076.38
CLE,2015-01-01,Digital,21707.48
CLE,2015-01-01,Billboard & radio,9387.24
CLE,2015-01-01,Sponsorships,9701.47
CLE,2015-02-01,TV,20080.08
CLE,2015-02-01,Digital,20762.22
CLE,2015-02-01,Billboard & radio,9336.27
CLE,2015-02-01,Sponsorships,9025.83
CLE,2015-03-01,TV,19826.81
CLE,2015-03-01,Digital,21435.35
CLE,2015-03-01,Billboard & radio,9260.4
CLE,2015-03-01,Sponsorships,9039.58
CLE,2015-04-01,TV,21230.56
CLE,2015-04-01,Digital,20728.36
CLE,2015-04-01,Billboard & radio,9665.23
CLE,2015-04-01,Sponsorships,8594.69
CLE,2015-05-01,TV,20383.31
CLE,2015-05-01,Digital,21011.53
CLE,2015-05-01,Billboard & radio,9395.53
CLE,2015-05-01,Sponsorships,8326.18
CLE,2015-06-01,TV,19624.19
CLE,2015-06-01,Digital,18860.39
CLE,2015-06-01,Billboard & radio,9014.71
CLE,2015-06-01,Sponsorships,8496.76
CLE,2015-07-01,TV,20596.22
CLE,2015-07-01,Digital,21694.45
CLE,2015-07-01,Billboard & radio,8711.31
CLE,2015-07-01,Sponsorships,9104.08
CLE,2015-08-01,TV,20685.7
CLE,2015-08-01,Digital,21705.72
CLE,2015-08-01,Billboard & radio,9213.81
CLE,2015-08-01,Sponsorships,8688.63
CLE,2015-09-01,TV,20822.92
CLE,2015-09-01,Digital,22095.93
CLE,2015-09-01,Billboard & radio,9177.02
CLE,2015-09-01,Sponsorships,8371.37
CLE,2015-10-01,TV,21688.4
CLE,2015-10-01,Digital,19861.16
CLE,2015-10-01,Billboard & radio,9635.63
CLE,2015-10-01,Sponsorships,9460.84
CLE,2015-11-01,TV,21304.38
CLE,2015-11-01,Digital,21165.09
CLE,2015-11-01,Billboard & radio,8905.94
CLE,2015-11-01,Sponsorships,9305.34
CLE,2015-12-01,TV,20610.68
CLE,2015-12-01,Digital,21247.35
CLE,2015-12-01,Billboard & radio,9392.37
CLE,2015-12-01,Sponsorships,8747.19
CLE,2016-01-01,TV,20353.0
CLE,2016-01-01,Digital,19745.92
CLE,2016-01-01,Billboard & radio,8520.99
CLE,2016-01-01,Sponsorships,8177.22
CLE,2016-02-01,TV,21766.32
CLE,2016-02-01,Digital,22899.36
CLE,2016-02-01,Billboard & radio,9641.4
CLE,2016-02-01,Sponsorships,8268.26
CLE,2016-03-01,TV,21761.1
CLE,2016-03-01,Digital,22493.21
CLE,2016-03-01,Billboard & radio,8794.44
CLE,2016-03-01,Sponsorships,9045.65
CLE,2016-04-01,TV,18891.71
CLE,2016-04-01,Digital,21280.07
CLE,2016-04-01,Billboard & radio,8521.4
CLE,2016-04-01,Sponsorships,9089.84
CLE,2016-05-01,TV,19360.74
CLE,2016-05-01,Digital,21570.0
CLE,2016-05-01,Billboard & radio,9461.03
CLE,2016-05-01,Sponsorships,8647.57
CLE,2016-06-01,TV,19806.23
CLE,2016-06-01,Digital,18736.18
CLE,2016-06-01,Billboard & radio,8880.11
CLE,2016-06-01,Sponsorships,8738.28
CLE,2016-07-01,TV,19371.43
CLE,2016-07-01,Digital,21475.67
CLE,2016-07-01,Billboard & radio,8797.51
CLE,2016-07-01,Sponsorships,8515.92
CLE,2016-08-01,TV,20417.7
CLE,2016-08-01,Digital,22124.87
CLE,2016-08-01,Billboard & radio,9271.32
CLE,2016-08-01,Sponsorships,8941.49
CLE,2016-09-01,TV,21650.06
CLE,2016-09-01,Digital,19781.04
CLE,2016-09-01,Billboard & radio,9014.57
CLE,2016-09-01,Sponsorships,9066.3
CLE,2016-10-01,TV,20506.67
CLE,2016-10-01,Digital,21457.23
CLE,2016-10-01,Billboard & radio,8648.8
CLE,2016-10-01,Sponsorships,9229.42
CLE,2016-11-01,TV,21579.45
CLE,2016-11-01,Digital,17936.98
CLE,2016-11-01,Billboard & radio,9535.64
CLE,2016-11-01,Sponsorships,7628.57
CLE,2016-12-01,TV,20353.15
CLE,2016-12-01,Digital,22076.62
CLE,2016-12-01,Billboard & radio,8857.22
CLE,2016-12-01,Sponsorships,8340.22
CLE,2017-01-01,TV,19851.58
CLE,2017-01-01,Digital,22078.25
CLE,2017-01-01,Billboard & radio,8135.32
CLE,2017-01-01,Sponsorships,9508.05
CLE,2017-02-01,TV,20942.14
CLE,2017-02-01,Digital,19747.98
CLE,2017-02-01,Billboard & radio,8737.6
CLE,2017-02-01,Sponsorships,8542.25
CLE,2017-03-01,TV,21909.54
CLE,2017-03-01,Digital,21769.05
CLE,2017-03-01,Billboard & radio,8226.38
CLE,2017-03-01,Sponsorships,8818.38
CLE,2017-04-01,TV,20093.66
CLE,2017-04-01,Digital,22358.19
CLE,2017-04-01,Billboard & radio,8392.46
CLE,2017-04-01,Sponsorships,9721.9
CLE,2017-05-01,TV,20965.04
CLE,2017-05-01,Digital,19779.97
CLE,2017-05-01,Billboard & radio,8695.23
CLE,2017-05-01,Sponsorships,8639.27
CLE,2017-06-01,TV,19661.65
CLE,2017-06-01,Digital,21099.57
CLE,2017-06-01,Billboard & radio,8447.44
CLE,2017-06-01,Sponsorships,8018.84
CLE,2017-07-01,TV,20601.34
CLE,2017-07-01,Digital,19107.0
CLE,2017-07-01,Billboard & radio,8661.53
CLE,2017-07-01,Sponsorships,8590.9
CLE,2017-08-01,TV,20085.22
CLE,2017-08-01,Digital,23101.01
CLE,2017-08-01,Billboard & radio,9025.39
CLE,2017-08-01,Sponsorships,9110.42
CLE,2017-09-01,TV,19134.78
CLE,2017-09-01,Digital,20313.34
CLE,2017-09-01,Billboard & radio,9096.89
CLE,2017-09-01,Sponsorships,8538.96
CLE,2017-10-01,TV,21953.47
CLE,2017-10-01,Digital,19737.17
CLE,2017-10-01,Billboard & radio,8871.14
CLE,2017-10-01,Sponsorships,8736.28
CLE,2017-11-01,TV,21172.54
CLE,2017-11-01,Digital,20327.49
CLE,2017-11-01,Billboard & radio,8878.1
CLE,2017-11-01,Sponsorships,8893.74
CLE,2017-12-01,TV,20228.89
CLE,2017-12-01,Digital,21509.35
CLE,2017-12-01,Billboard & radio,9107.27
CLE,2017-12-01,Sponsorships,8960.12
CLE,2018-01-01,TV,20548.02
CLE,2018-01-01,Digital,21836.37
CLE,2018-01-01,Billboard & radio,8893.87
CLE,2018-01-01,Sponsorships,8861.99
CLE,2018-02-01,TV,21109.92
CLE,2018-02-01,Digital,22781.42
CLE,2018-02-01,Billboard & radio,8396.84
CLE,2018-02-01,Sponsorships,9346.44
CLE,2018-03-01,TV,19012.17
CLE,2018-03-01,Digital,21228.14
CLE,2018-03-01,Billboard & radio,9708.79
CLE,2018-03-01,Sponsorships,9219.9
CLE,2018-04-01,TV,21179.16
CLE,2018-04-01,Digital,20411.53
CLE,2018-04-01,Billboard & radio,9013.97
CLE,2018-04-01,Sponsorships,8886.57
CLE,2018-05-01,TV,20174.72
CLE,2018-05-01,Digital,20695.63
CLE,2018-05-01,Billboard & radio,9089.27
CLE,2018-05-01,Sponsorships,8654.75
CLE,2018-06-01,TV,20153.4
CLE,2018-06-01,Digital,19571.74
CLE,2018-06-01,Billboard & radio,9175.83
CLE,2018-06-01,Sponsorships,9245.4
CLE,2018-07-01,TV,21243.24
CLE,2018-07-01,Digital,22013.43
CLE,2018-07-01,Billboard & radio,9039.54
CLE,2018-07-01,Sponsorships,9176.4
CLE,2018-08-01,TV,21319.03
CLE,2018-08-01,Digital,20903.88
CLE,2018-08-01,Billboard & radio,8761.13
CLE,2018-08-01,Sponsorships,9996.37
CLE,2018-09-01,TV,20525.45
CLE,2018-09-01,Digital,20300.83
CLE,2018-09-01,Billboard & radio,9195.3
CLE,2018-09-01,Sponsorships,9113.33
CLE,2018-10-01,TV,19524.97
CLE,2018-10-01,Digital,22178.81
CLE,2018-10-01,Billboard & radio,8957.61
CLE,2018-10-01,Sponsorships,8500.08
CLE,2018-11-01,TV,22248.22
CLE,2018-11-01,Digital,21656.96
CLE,2018-11-01,Billboard & radio,8430.96
CLE,2018-11-01,Sponsorships,9799.73
CLE,2018-12-01,TV,21691.74
CLE,2018-12-01,Digital,20989.29
CLE,2018-12-01,Billboard & radio,9715.6
CLE,2018-12-01,Sponsorships,9071.68
CLE,2019-01-01,TV,20970.51
CLE,2019-01-01,Digital,20306.68
CLE,2019-01-01,Billboard & radio,9261.83
CLE,2019-01-01,Sponsorships,9214.47
CLE,2019-02-01,TV,21015.41
CLE,2019-02-01,Digital,20170.51
CLE,2019-02-01,Billboard & radio,9058.47
CLE,2019-02-01,Sponsorships,8968.59
CLE,2019-03-01,TV,19599.85
CLE,2019-03-01,Digital,19454.6
CLE,2019-03-01,Billboard & radio,9254.32
CLE,2019-03-01,Sponsorships,7829.15
CLE,2019-04-01,TV,21215.68
CLE,2019-04-01,Digital,20498.01
CLE,2019-04-01,Billboard & radio,9588.71
CLE,2019-04-01,Sponsorships,8777.94
CLE,2019-05-01,TV,21692.46
CLE,2019-05-01,Digital,20583.24
CLE,2019-05-01,Billboard & radio,9051.19
CLE,2019-05-01,Sponsorships,9331.58
CLE,2019-06-01,TV,20514.32
CLE,2019-06-01,Digital,22046.38
CLE,2019-06-01,Billboard & radio,8552.84
CLE,2019-06-01,Sponsorships,9132.57
CLE,2019-07-01,TV,21968.77
CLE,2019-07-01,Digital,21693.04
CLE,2019-07-01,Billboard & radio,9862.4
CLE,2019-07-01,Sponsorships,8656.45
CLE,2019-08-01,TV,19551.89
CLE,2019-08-01,Digital,19955.95
CLE,2019-08-01,Billboard & radio,9297.2
CLE,2019-08-01,Sponsorships,9224.07
CLE,2019-09-01,TV,21107.37
CLE,2019-09-01,Digital,19820.9
CLE,2019-09-01,Billboard & radio,9345.09
CLE,2019-09-01,Sponsorships,8448.88
CLE,2019-10-01,TV,22216.9
CLE,2019-10-01,Digital,24000.31
CLE,2019-10-01,Billboard & radio,9164.9
CLE,2019-10-01,Sponsorships,9262.4
CLE,2019-11-01,TV,20482.5
CLE,2019-11-01,Digital,19099.28
CLE,2019-11-01,Billboard & radio,8728.78
CLE,2019-11-01,Sponsorships,8508.2
CLE,2019-12-01,TV,19480.65
CLE,2019-12-01,Digital,22808.48
CLE,2019-12-01,Billboard & radio,9122.79
CLE,2019-12-01,Sponsorships,9170.86
CLE,2020-01-01,TV,20675.53
CLE,2020-01-01,Digital,20818.49
CLE,2020-01-01,Billboard & radio,9434.05
CLE,2020-01-01,Sponsorships,8985.45
CLE,2020-02-01,TV,21557.23
CLE,2020-02-01,Digital,20794.2
CLE,2020-02-01,Billboard & radio,8846.03
CLE,2020-02-01,Sponsorships,8366.89
CLE,2020-03-01,TV,18923.36
CLE,2020-03-01,Digital,20725.36
CLE,2020-03-01,Billboard & radio,9025.42
CLE,2020-03-01,Sponsorships,8421.24
CLE,2020-04-01,TV,20963.8
CLE,2020-04-01,Digital,21056.44
CLE,2020-04-01,Billboard & radio,8029.8
CLE,2020-04-01,Sponsorships,8588.19
CLE,2020-05-01,TV,21427.63
CLE,2020-05-01,Digital,21406.41
CLE,2020-05-01,Billboard & radio,8480.85
CLE,2020-05-01,Sponsorships,9071.3
CLE,2020-06-01,TV,22073.53
CLE,2020-06-01,Digital,21815.93
CLE,2020-06-01,Billboard & radio,8957.12
CLE,2020-06-01,Sponsorships,8789.41
CLE,2020-07-01,TV,20339.19
CLE,2020-07-01,Digital,21491.21
CLE,2020-07-01,Billboard & radio,9087.8
CLE,2020-07-01,Sponsorships,9283.23
CLE,2020-08-01,TV,21138.47
CLE,2020-08-01,Digital,21859.7
CLE,2020-08-01,Billboard & radio,9042.57
CLE,2020-08-01,Sponsorships,9353.11
CLE,2020-09-01,TV,21914.36
CLE,2020-09-01,Digital,20155.25
CLE,2020-09-01,Billboard & radio,8186.34
CLE,2020-09-01,Sponsorships,9694.57
CLE,2020-10-01,TV,21269.49
CLE,2020-10-01,Digital,19199.79
CLE,2020-10-01,Billboard & radio,8678.78
CLE,2020-10-01,Sponsorships,9347.34
CLE,2020-11-01,TV,20706.34
CLE,2020-11-01,Digital,20462.34
CLE,2020-11-01,Billboard & radio,9630.4
CLE,2020-11-01,Sponsorships,8528.72
CLE,2020-12-01,TV,20161.94
CLE,2020-12-01,Digital,21221.96
CLE,2020-12-01,Billboard & radio,9175.7
CLE,2020-12-01,Sponsorships,9223.35
CLE,2021-01-01,TV,21956.8
CLE,2021-01-01,Digital,21208.51
CLE,2021-01-01,Billboard & radio,9220.22
CLE,2021-01-01,Sponsorships,8883.36
CLE,2021-02-01,TV,21065.83
CLE,2021-02-01,Digital,21112.91
CLE,2021-02-01,Billboard & radio,9096.79
CLE,2021-02-01,Sponsorships,9347.64
CLE,2021-03-01,TV,21582.9
CLE,2021-03-01,Digital,21046.43
CLE,2021-03-01,Billboard & radio,8635.89
CLE,2021-03-01,Sponsorships,9030.45
CLE,2021-04-01,TV,20970.58
CLE,2021-04-01,Digital,21202.84
CLE,2021-04-01,Billboard & radio,9992.94
CLE,2021-04-01,Sponsorships,8764.3
CLE,2021-05-01,TV,21443.4
CLE,2021-05-01,Digital,22121.89
CLE,2021-05-01,Billboard & radio,9044.1
CLE,2021-05-01,Sponsorships,10052.03
CLE,2021-06-01,TV,20603.06
CLE,2021-06-01,Digital,21340.29
CLE,2021-06-01,Billboard & radio,8640.54
CLE,2021-06-01,Sponsorships,8841.81
CLE,2021-07-01,TV,21261.38
CLE,2021-07-01,Digital,21888.62
CLE,2021-07-01,Billboard & radio,9143.59
CLE,2021-07-01,Sponsorships,9566.6
CLE,2021-08-01,TV,20900.29
CLE,2021-08-01,Digital,20651.22
CLE,2021-08-01,Billboard & radio,10216.79
CLE,2021-08-01,Sponsorships,9177.41
CLE,2021-09-01,TV,20244.54
CLE,2021-09-01,Digital,20271.02
CLE,2021-09-01,Billboard & radio,8575.79
CLE,2021-09-01,Sponsorships,9421.46
CLE,2021-10-01,TV,20617.4
CLE,2021-10-01,Digital,21133.73
CLE,2021-10-01,Billboard & radio,8971.42
CLE,2021-10-01,Sponsorships,9329.17
CLE,2021-11-01,TV,20110.92
CLE,2021-11-01,Digital,19870.65
CLE,2021-11-01,Billboard & radio,9100.93
CLE,2021-11-01,Sponsorships,9270.43
CLE,2021-12-01,TV,21349.16
CLE,2021-12-01,Digital,20150.07
CLE,2021-12-01,Billboard & radio,9304.87
CLE,2021-12-01,Sponsorships,8665.26
CLE,2022-01-01,TV,20452.38
CLE,2022-01-01,Digital,20008.85
CLE,2022-01-01,Billboard & radio,9585.52
CLE,2022-01-01,Sponsorships,9285.04
CLE,2022-02-01,TV,21635.24
CLE,2022-02-01,Digital,22309.57
CLE,2022-02-01,Billboard & radio,10265.69
CLE,2022-02-01,Sponsorships,8230.85
CLE,2022-03-01,TV,20224.7
CLE,2022-03-01,Digital,20353.02
CLE,2022-03-01,Billboard & radio,8617.13
CLE,2022-03-01,Sponsorships,8515.09
CLE,2022-04-01,TV,20685.36
CLE,2022-04-01,Digital,19722.57
CLE,2022-04-01,Billboard & radio,9150.77
CLE,2022-04-01,Sponsorships,9023.26
CLE,2022-05-01,TV,21505.08
CLE,2022-05-01,Digital,21533.11
CLE,2022-05-01,Billboard & radio,9271.35
CLE,2022-05-01,Sponsorships,8831.97
CLE,2022-06-01,TV,23227.2
CLE,2022-06-01,Digital,21246.15
CLE,2022-06-01,Billboard & radio,8161.88
CLE,2022-06-01,Sponsorships,8548.93
CLE,2022-07-01,TV,19172.47
CLE,2022-07-01,Digital,21018.2
CLE,2022-07-01,Billboard & radio,8945.19
CLE,2022-07-01,Sponsorships,8789.21
CLE,2022-08-01,TV,23111.47
CLE,2022-08-01,Digital,21576.43
CLE,2022-08-01,Billboard & radio,9326.74
CLE,2022-08-01,Sponsorships,8581.02
CLE,2022-09-01,TV,19950.9
CLE,2022-09-01,Digital,21038.65
CLE,2022-09-01,Billboard & radio,9077.85
CLE,2022-09-01,Sponsorships,8164.66
CLE,2022-10-01,TV,20810.68
CLE,2022-10-01,Digital,21014.78
CLE,2022-10-01,Billboard & radio,8903.18
CLE,2022-10-01,Sponsorships,8633.97
CLE,2022-11-01,TV,20433.49
CLE,2022-11-01,Digital,20814.3
CLE,2022-11-01,Billboard & radio,9040.86
CLE,2022-11-01,Sponsorships,9272.16
CLE,2022-12-01,TV,22134.9
CLE,2022-12-01,Digital,20690.93
CLE,2022-12-01,Billboard & radio,8794.73
CLE,2022-12-01,Sponsorships,9196.95
CLE,2023-01-01,TV,21641.39
CLE,2023-01-01,Digital,20544.09
CLE,2023-01-01,Billboard & radio,9355.68
CLE,2023-01-01,Sponsorships,9440.81
CLE,2023-02-01,TV,22356.27
CLE,2023-02-01,Digital,22867.24
CLE,2023-02-01,Billboard & radio,8610.11
CLE,2023-02-01,Sponsorships,9006.25
CLE,2023-03-01,TV,21011.84
CLE,2023-03-01,Digital,20897.02
CLE,2023-03-01,Billboard & radio,8707.83
CLE,2023-03-01,Sponsorships,8331.5
CLE,2023-04-01,TV,21097.31
CLE,2023-04-01,Digital,20193.23
CLE,2023-04-01,Billboard & radio,9038.7
CLE,2023-04-01,Sponsorships,8642.68
CLE,2023-05-01,TV,19845.36
CLE,2023-05-01,Digital,21246.01
CLE,2023-05-01,Billboard & radio,9067.91
CLE,2023-05-01,Sponsorships,9260.68
CLE,2023-06-01,TV,23295.16
CLE,2023-06-01,Digital,21291.15
CLE,2023-06-01,Billboard & radio,9218.29
CLE,2023-06-01,Sponsorships,8515.1
CLE,2023-07-01,TV,19648.75
CLE,2023-07-01,Digital,22661.97
CLE,2023-07-01,Billboard & radio,8584.43
CLE,2023-07-01,Sponsorships,8530.23
CLE,2023-08-01,TV,20958.95
CLE,2023-08-01,Digital,20905.3
CLE,2023-08-01,Billboard & radio,8593.87
CLE,2023-08-01,Sponsorships,8862.76
CLE,2023-09-01,TV,22290.84
CLE,2023-09-01,Digital,20153.71
CLE,2023-09-01,Billboard & radio,8372.85
CLE,2023-09-01,Sponsorships,9424.17
CLE,2023-10-01,TV,21516.91
CLE,2023-10-01,Digital,20348.46
CLE,2023-10-01,Billboard & radio,8288.02
CLE,2023-10-01,Sponsorships,8664.92
CLE,2023-11-01,TV,20942.56
CLE,2023-11-01,Digital,22223.96
CLE,2023-11-01,Billboard & radio,8533.54
CLE,2023-11-01,Sponsorships,8961.97
CLE,2023-12-01,TV,21708.9
CLE,2023-12-01,Digital,18499.67
CLE,2023-12-01,Billboard & radio,9465.2
CLE,2023-12-01,Sponsorships,8467.9
CLE,2024-01-01,TV,21348.6
CLE,2024-01-01,Digital,21259.02
CLE,2024-01-01,Billboard & radio,9488.06
CLE,2024-01-01,Sponsorships,9247.92
CLE,2024-02-01,TV,18503.84
CLE,2024-02-01,Digital,20175.98
CLE,2024-02-01,Billboard & radio,9062.19
CLE,2024-02-01,Sponsorships,8912.26
CLE,2024-03-01,TV,21501.49
CLE,2024-03-01,Digital,21828.83
CLE,2024-03-01,Billboard & radio,9273.8
CLE,2024-03-01,Sponsorships,8903.58
CLE,2024-04-01,TV,19061.35
CLE,2024-04-01,Digital,20521.74
CLE,2024-04-01,Billboard & radio,9187.37
CLE,2024-04-01,Sponsorships,8509.3
CLE,2024-05-01,TV,21662.84
CLE,2024-05-01,Digital,21953.81
CLE,2024-05-01,Billboard & radio,9057.09
CLE,2024-05-01,Sponsorships,7621.3
CLE,2024-06-01,TV,19658.01
CLE,2024-06-01,Digital,22980.5
CLE,2024-06-01,Billboard & radio,8754.06
CLE,2024-06-01,Sponsorships,8107.14
CLE,2024-07-01,TV,22297.01
CLE,2024-07-01,Digital,21014.02
CLE,2024-07-01,Billboard & radio,9497.22
CLE,2024-07-01,Sponsorships,9124.63
CLE,2024-08-01,TV,21481.49
CLE,2024-08-01,Digital,21381.16
CLE,2024-08-01,Billboard & radio,9313.87
CLE,2024-08-01,Sponsorships,10024.84
CLE,2024-09-01,TV,22019.56
CLE,2024-09-01,Digital,19340.64
CLE,2024-09-01,Billboard & radio,9201.0
CLE,2024-09-01,Sponsorships,9513.67
CLE,2024-10-01,TV,22262.84
CLE,2024-10-01,Digital,20552.06
CLE,2024-10-01,Billboard & radio,9524.23
CLE,2024-10-01,Sponsorships,9417.48
CLE,2024-11-01,TV,23701.14
CLE,2024-11-01,Digital,20212.5
CLE,2024-11-01,Billboard & radio,8771.67
CLE,2024-11-01,Sponsorships,8862.25
CLE,2024-12-01,TV,20485.27
CLE,2024-12-01,Digital,20065.48
CLE,2024-12-01,Billboard & radio,7756.8
CLE,2024-12-01,Sponsorships,8804.39
PHL,2013-01-01,TV,28071.52
PHL,2013-01-01,Digital,26882.78
PHL,2013-01-01,Billboard & radio,12955.58
PHL,2013-01-01,Sponsorships,11820.4
PHL,2013-02-01,TV,29341.7
PHL,2013-02-01,Digital,27922.77
PHL,2013-02-01,Billboard & radio,12300.6
PHL,2013-02-01,Sponsorships,11977.43
PHL,2013-03-01,TV,29448.86
PHL,2013-03-01,Digital,27639.59
PHL,2013-03-01,Billboard & radio,12105.52
PHL,2013-03-01,Sponsorships,12028.87
PHL,2013-04-01,TV,27165.21
PHL,2013-04-01,Digital,28120.62
PHL,2013-04-01,Billboard & radio,13132.18
PHL,2013-04-01,Sponsorships,11652.8
PHL,2013-05-01,TV,28140.58
PHL,2013-05-01,Digital,29295.88
PHL,2013-05-01,Billboard & radio,12485.96
PHL,2013-05-01,Sponsorships,11819.42
PHL,2013-06-01,TV,24277.89
PHL,2013-06-01,Digital,28274.58
PHL,2013-06-01,Billboard & radio,10501.62
PHL,2013-06-01,Sponsorships,12680.68
PHL,2013-07-01,TV,27796.06
PHL,2013-07-01,Digital,28940.18
PHL,2013-07-01,Billboard & radio,11279.69
PHL,2013-07-01,Sponsorships,10895.55
PHL,2013-08-01,TV,27921.85
PHL,2013-08-01,Digital,27516.19
PHL,2013-08-01,Billboard & radio,11522.18
PHL,2013-08-01,Sponsorships,11862.5
PHL,2013-09-01,TV,31376.37
PHL,2013-09-01,Digital,28712.58
PHL,2013-09-01,Billboard & radio,12432.36
PHL,2013-09-01,Sponsorships,12310.95
PHL,2013-10-01,TV,29601.38
PHL,2013-10-01,Digital,27300.56
PHL,2013-10-01,Billboard & radio,10598.91
PHL,2013-10-01,Sponsorships,11701.12
PHL,2013-11-01,TV,28681.17
PHL,2013-11-01,Digital,26225.99
PHL,2013-11-01,Billboard & radio,11708.33
PHL,2013-11-01,Sponsorships,11403.92
PHL,2013-12-01,TV,29632.48
PHL,2013-12-01,Digital,28595.35
PHL,2013-12-01,Billboard & radio,12197.32
PHL,2013-12-01,Sponsorships,12179.63
PHL,2014-01-01,TV,27511.17
PHL,2014-01-01,Digital,27834.76
PHL,2014-01-01,Billboard & radio,11112.5
PHL,2014-01-01,Sponsorships,10521.13
PHL,2014-02-01,TV,27769.33
PHL,2014-02-01,Digital,28009.0
PHL,2014-02-01,Billboard & radio,12526.72
PHL,2014-02-01,Sponsorships,12740.57
PHL,2014-03-01,TV,29726.15
PHL,2014-03-01,Digital,26187.1
PHL,2014-03-01,Billboard & radio,11604.44
PHL,2014-03-01,Sponsorships,12096.2
PHL,2014-04-01,TV,31051.78
PHL,2014-04-01,Digital,29602.26
PHL,2014-04-01,Billboard & radio,12473.64
PHL,2014-04-01,Sponsorships,11583.46
PHL,2014-05-01,TV,26345.34
PHL,2014-05-01,Digital,28649.71
PHL,2014-05-01,Billboard & radio,11162.42
PHL,2014-05-01,Sponsorships,11671.67
PHL,2014-06-01,TV,27404.32
PHL,2014-06-01,Digital,29757.73
PHL,2014-06-01,Billboard & radio,11603.01
PHL,2014-06-01,Sponsorships,10371.82
PHL,2014-07-01,TV,28257.69
PHL,2014-07-01,Digital,26599.16
PHL,2014-07-01,Billboard & radio,11837.68
PHL,2014-07-01,Sponsorships,11761.29
PHL,2014-08-01,TV,27185.3
PHL,2014-08-01,Digital,28651.69
PHL,2014-08-01,Billboard & radio,10907.15
PHL,2014-08-01,Sponsorships,11507.14
PHL,2014-09-01,TV,28505.19
PHL,2014-09-01,Digital,26716.21
PHL,2014-09-01,Billboard & radio,10862.3
PHL,2014-09-01,Sponsorships,12207.37
PHL,2014-10-01,TV,29110.26
PHL,2014-10-01,Digital,27500.49
PHL,2014-10-01,Billboard & radio,10654.38
PHL,2014-10-01,Sponsorships,12229.46
PHL,2014-11-01,TV,25274.97
PHL,2014-11-01,Digital,27988.06
PHL,2014-11-01,Billboard & radio,11288.34
PHL,2014-11-01,Sponsorships,11127.47
PHL,2014-12-01,TV,26953.49
PHL,2014-12-01,Digital,27309.89
PHL,2014-12-01,Billboard & radio,11432.01
PHL,2014-12-01,Sponsorships,12160.2
PHL,2015-01-01,TV,26947.76
PHL,2015-01-01,Digital,28913.33
PHL,2015-01-01,Billboard & radio,11978.57
PHL,2015-01-01,Sponsorships,11400.51
PHL,2015-02-01,TV,26369.13
PHL,2015-02-01,Digital,25292.04
PHL,2015-02-01,Billboard & radio,11984.21
PHL,2015-02-01,Sponsorships,11603.07
PHL,2015-03-01,TV,24293.32
PHL,2015-03-01,Digital,26824.22
PHL,2015-03-01,Billboard & radio,11280.33
PHL,2015-03-01,Sponsorships,12743.13
PHL,2015-04-01,TV,25215.86
PHL,2015-04-01,Digital,25576.14
PHL,2015-04-01,Billboard & radio,12468.08
PHL,2015-04-01,Sponsorships,12613.84
PHL,2015-05-01,TV,26535.82
PHL,2015-05-01,Digital,26691.41
PHL,2015-05-01,Billboard & radio,12176.46
PHL,2015-05-01,Sponsorships,10438.06
PHL,2015-06-01,TV,24997.54
PHL,2015-06-01,Digital,27175.61
PHL,2015-06-01,Billboard & radio,12727.9
PHL,2015-06-01,Sponsorships,11555.15
PHL,2015-07-01,TV,27701.6
PHL,2015-07-01,Digital,29125.0
PHL,2015-07-01,Billboard & radio,13056.88
PHL,2015-07-01,Sponsorships,11471.8
PHL,2015-08-01,TV,27539.3
PHL,2015-08-01,Digital,30073.52
PHL,2015-08-01,Billboard & radio,10913.45
PHL,2015-08-01,Sponsorships,12419.42
PHL,2015-09-01,TV,26159.13
PHL,2015-09-01,Digital,27703.72
PHL,2015-09-01,Billboard & radio,11669.2
PHL,2015-09-01,Sponsorships,11246.67
PHL,2015-10-01,TV,26207.66
PHL,2015-10-01,Digital,27943.43
PHL,2015-10-01,Billboard & radio,12400.49
PHL,2015-10-01,Sponsorships,11735.87
PHL,2015-11-01,TV,27659.12
PHL,2015-11-01,Digital,28349.65
PHL,2015-11-01,Billboard & radio,11238.64
PHL,2015-11-01,Sponsorships,12249.38
PHL,2015-12-01,TV,28691.66
PHL,2015-12-01,Digital,31150.62
PHL,2015-12-01,Billboard & radio,11590.36
PHL,2015-12-01,Sponsorships,11541.95
PHL,2016-01-01,TV,28622.23
PHL,2016-01-01,Digital,28691.33
PHL,2016-01-01,Billboard & radio,11496.46
PHL,2016-01-01,Sponsorships,11574.38
PHL,2016-02-01,TV,28308.25
PHL,2016-02-01,Digital,26421.99
PHL,2016-02-01,Billboard & radio,11570.03
PHL,2016-02-01,Sponsorships,11865.42
PHL,2016-03-01,TV,28935.03
PHL,2016-03-01,Digital,26729.29
PHL,2016-03-01,Billboard & radio,10724.34
PHL,2016-03-01,Sponsorships,10680.51
PHL,2016-04-01,TV,25826.87
PHL,2016-04-01,Digital,25752.79
PHL,2016-04-01,Billboard & radio,11721.18
PHL,2016-04-01,Sponsorships,11110.32
PHL,2016-05-01,TV,26594.02
PHL,2016-05-01,Digital,26495.71
PHL,2016-05-01,Billboard & radio,11552.33
PHL,2016-05-01,Sponsorships,12593.6
PHL,2016-06-01,TV,28474.75
PHL,2016-06-01,Digital,27584.73
PHL,2016-06-01,Billboard & radio,11540.21
PHL,2016-06-01,Sponsorships,11556.62
PHL,2016-07-01,TV,28014.18
PHL,2016-07-01,Digital,28367.56
PHL,2016-07-01,Billboard & radio,11276.44
PHL,2016-07-01,Sponsorships,11834.05
PHL,2016-08-01,TV,24762.67
PHL,2016-08-01,Digital,27854.27
PHL,2016-08-01,Billboard & radio,12262.64
PHL,2016-08-01,Sponsorships,11647.08
PHL,2016-09-01,TV,30065.9
PHL,2016-09-01,Digital,26348.04
PHL,2016-09-01,Billboard & radio,11940.93
PHL,2016-09-01,Sponsorships,11791.34
PHL,2016-10-01,TV,27424.28
PHL,2016-10-01,Digital,27404.95
PHL,2016-10-01,Billboard & radio,11875.76
PHL,2016-10-01,Sponsorships,12313.33
PHL,2016-11-01,TV,29461.19
PHL,2016-11-01,Digital,27559.4
PHL,2016-11-01,Billboard & radio,12294.05
PHL,2016-11-01,Sponsorships,11398.02
PHL,2016-12-01,TV,28618.08
PHL,2016-12-01,Digital,26512.38
PHL,2016-12-01,Billboard & radio,12456.67
PHL,2016-12-01,Sponsorships,13118.16
PHL,2017-01-01,TV,27394.25
PHL,2017-01-01,Digital,24540.9
PHL,2017-01-01,Billboard & radio,11488.79
PHL,2017-01-01,Sponsorships,12540.08
PHL,2017-02-01,TV,28324.71
PHL,2017-02-01,Digital,27905.53
PHL,2017-02-01,Billboard & radio,12408.24
PHL,2017-02-01,Sponsorships,12098.63
PHL,2017-03-01,TV,29240.68
PHL,2017-03-01,Digital,28829.58
PHL,2017-03-01,Billboard & radio,12711.25
PHL,2017-03-01,Sponsorships,12024.41
PHL,2017-04-01,TV,28810.06
PHL,2017-04-01,Digital,27139.24
PHL,2017-04-01,Billboard & radio,11457.26
PHL,2017-04-01,Sponsorships,12820.56
PHL,2017-05-01,TV,27860.46
PHL,2017-05-01,Digital,28671.73
PHL,2017-05-01,Billboard & radio,11885.58
PHL,2017-05-01,Sponsorships,11466.09
PHL,2017-06-01,TV,27577.64
PHL,2017-06-01,Digital,29541.48
PHL,2017-06-01,Billboard & radio,12140.44
PHL,2017-06-01,Sponsorships,10801.66
PHL,2017-07-01,TV,27265.87
PHL,2017-07-01,Digital,30018.72
PHL,2017-07-01,Billboard & radio,11686.23
PHL,2017-07-01,Sponsorships,10749.09
PHL,2017-08-01,TV,30171.36
PHL,2017-08-01,Digital,28502.92
PHL,2017-08-01,Billboard & radio,11771.15
PHL,2017-08-01,Sponsorships,11593.13
PHL,2017-09-01,TV,29054.12
PHL,2017-09-01,Digital,26815.58
PHL,2017-09-01,Billboard & radio,12490.69
PHL,2017-09-01,Sponsorships,12132.73
PHL,2017-10-01,TV,27899.7
PHL,2017-10-01,Digital,27763.04
PHL,2017-10-01,Billboard & radio,11709.16
PHL,2017-10-01,Sponsorships,12430.08
PHL,2017-11-01,TV,26369.95
PHL,2017-11-01,Digital,25327.28
PHL,2017-11-01,Billboard & radio,12175.4
PHL,2017-11-01,Sponsorships,12185.33
PHL,2017-12-01,TV,28224.33
PHL,2017-12-01,Digital,28124.4
PHL,2017-12-01,Billboard & radio,11623.18
PHL,2017-12-01,Sponsorships,12277.61
PHL,2018-01-01,TV,27499.72
PHL,2018-01-01,Digital,26891.2
PHL,2018-01-01,Billboard & radio,11628.29
PHL,2018-01-01,Sponsorships,13005.94
PHL,2018-02-01,TV,25171.49
PHL,2018-02-01,Digital,28251.27
PHL,2018-02-01,Billboard & radio,10820.78
PHL,2018-02-01,Sponsorships,11748.57
PHL,2018-03-01,TV,26964.91
PHL,2018-03-01,Digital,24689.07
PHL,2018-03-01,Billboard & radio,12042.28
PHL,2018-03-01,Sponsorships,11588.04
PHL,2018-04-01,TV,24669.53
PHL,2018-04-01,Digital,28719.53
PHL,2018-04-01,Billboard & radio,12660.05
PHL,2018-04-01,Sponsorships,12692.6
PHL,2018-05-01,TV,28057.19
PHL,2018-05-01,Digital,27625.97
PHL,2018-05-01,Billboard & radio,12596.94
PHL,2018-05-01,Sponsorships,12806.16
PHL,2018-06-01,TV,29124.7
PHL,2018-06-01,Digital,26264.94
PHL,2018-06-01,Billboard & radio,11931.42
PHL,2018-06-01,Sponsorships,12072.09
PHL,2018-07-01,TV,25068.62
PHL,2018-07-01,Digital,28209.34
PHL,2018-07-01,Billboard & radio,13154.99
PHL,2018-07-01,Sponsorships,12190.46
PHL,2018-08-01,TV,29593.05
PHL,2018-08-01,Digital,27814.58
PHL,2018-08-01,Billboard & radio,11769.26
PHL,2018-08-01,Sponsorships,12037.69
PHL,2018-09-01,TV,26438.19
PHL,2018-09-01,Digital,26234.3
PHL,2018-09-01,Billboard & radio,12560.41
PHL,2018-09-01,Sponsorships,12623.04
PHL,2018-10-01,TV,26196.63
PHL,2018-10-01,Digital,28896.52
PHL,2018-10-01,Billboard & radio,11761.14
PHL,2018-10-01,Sponsorships,12013.2
PHL,2018-11-01,TV,28196.74
PHL,2018-11-01,Digital,28932.84
PHL,2018-11-01,Billboard & radio,11861.36
PHL,2018-11-01,Sponsorships,12645.38
PHL,2018-12-01,TV,27988.91
PHL,2018-12-01,Digital,28422.7
PHL,2018-12-01,Billboard & radio,11320.35
PHL,2018-12-01,Sponsorships,13087.46
PHL,2019-01-01,TV,28209.98
PHL,2019-01-01,Digital,28545.1
PHL,2019-01-01,Billboard & radio,10862.67
PHL,2019-01-01,Sponsorships,11326.59
PHL,2019-02-01,TV,29268.46
PHL,2019-02-01,Digital,27957.87
PHL,2019-02-01,Billboard & radio,10682.17
PHL,2019-02-01,Sponsorships,12425.74
PHL,2019-03-01,TV,26813.1
PHL,2019-03-01,Digital,29507.47
PHL,2019-03-01,Billboard & radio,11760.62
PHL,2019-03-01,Sponsorships,11933.4
PHL,2019-04-01,TV,29187.25
PHL,2019-04-01,Digital,26325.64
PHL,2019-04-01,Billboard & radio,11226.1
PHL,2019-04-01,Sponsorships,11696.44
PHL,2019-05-01,TV,28702.45
PHL,2019-05-01,Digital,25728.38
PHL,2019-05-01,Billboard & radio,10827.32
PHL,2019-05-01,Sponsorships,12299.01
PHL,2019-06-01,TV,26731.52
PHL,2019-06-01,Digital,27021.96
PHL,2019-06-01,Billboard & radio,10715.82
PHL,2019-06-01,Sponsorships,11411.48
PHL,2019-07-01,TV,27552.07
PHL,2019-07-01,Digital,28844.68
PHL,2019-07-01,Billboard & radio,11356.99
PHL,2019-07-01,Sponsorships,12791.39
PHL,2019-08-01,TV,26619.1
PHL,2019-08-01,Digital,26621.11
PHL,2019-08-01,Billboard & radio,12720.5
PHL,2019-08-01,Sponsorships,11937.39
PHL,2019-09-01,TV,26801.74
PHL,2019-09-01,Digital,27348.71
PHL,2019-09-01,Billboard & radio,12611.66
PHL,2019-09-01,Sponsorships,12678.48
PHL,2019-10-01,TV,26436.86
PHL,2019-10-01,Digital,27504.02
PHL,2019-10-01,Billboard & radio,11865.75
PHL,2019-10-01,Sponsorships,11230.0
PHL,2019-11-01,TV,27485.76
PHL,2019-11-01,Digital,27569.84
PHL,2019-11-01,Billboard & radio,12485.94
PHL,2019-11-01,Sponsorships,12525.64
PHL,2019-12-01,TV,27108.81
PHL,2019-12-01,Digital,27267.65
PHL,2019-12-01,Billboard & radio,12204.85
PHL,2019-12-01,Sponsorships,11466.87
PHL,2020-01-01,TV,28373.72
PHL,2020-01-01,Digital,27441.35
PHL,2020-01-01,Billboard & radio,11239.95
PHL,2020-01-01,Sponsorships,11247.37
PHL,2020-02-01,TV,29556.73
PHL,2020-02-01,Digital,27346.93
PHL,2020-02-01,Billboard & radio,12781.33
PHL,2020-02-01,Sponsorships,11509.13
PHL,2020-03-01,TV,27963.82
PHL,2020-03-01,Digital,30859.91
PHL,2020-03-01,Billboard & radio,11187.98
PHL,2020-03-01,Sponsorships,10691.6
PHL,2020-04-01,TV,29335.58
PHL,2020-04-01,Digital,26423.05
PHL,2020-04-01,Billboard & radio,11800.27
PHL,2020-04-01,Sponsorships,11466.44
PHL,2020-05-01,TV,27932.06
PHL,2020-05-01,Digital,26252.54
PHL,2020-05-01,Billboard & radio,11706.22
PHL,2020-05-01,Sponsorships,12078.17
PHL,2020-06-01,TV,26172.92
PHL,2020-06-01,Digital,26597.7
PHL,2020-06-01,Billboard & radio,11607.33
PHL,2020-06-01,Sponsorships,10968.61
PHL,2020-07-01,TV,26980.16
PHL,2020-07-01,Digital,27726.22
PHL,2020-07-01,Billboard & radio,11576.52
PHL,2020-07-01,Sponsorships,11652.22
PHL,2020-08-01,TV,27535.07
PHL,2020-08-01,Digital,26658.8
PHL,2020-08-01,Billboard & radio,12220.66
PHL,2020-08-01,Sponsorships,12660.62
PHL,2020-09-01,TV,26922.53
PHL,2020-09-01,Digital,28231.16
PHL,2020-09-01,Billboard & radio,11670.98
PHL,2020-09-01,Sponsorships,12028.37
PHL,2020-10-01,TV,29720.34
PHL,2020-10-01,Digital,28263.5
PHL,2020-10-01,Billboard & radio,10765.08
PHL,2020-10-01,Sponsorships,12080.64
PHL,2020-11-01,TV,29261.54
PHL,2020-11-01,Digital,27257.11
PHL,2020-11-01,Billboard & radio,12400.55
PHL,2020-11-01,Sponsorships,11404.9
PHL,2020-12-01,TV,25515.24
PHL,2020-12-01,Digital,27757.05
PHL,2020-12-01,Billboard & radio,10775.08
PHL,2020-12-01,Sponsorships,11670.89
PHL,2021-01-01,TV,29335.93
PHL,2021-01-01,Digital,24930.61
PHL,2021-01-01,Billboard & radio,11056.8
PHL,2021-01-01,Sponsorships,11202.96
PHL,2021-02-01,TV,27475.24
PHL,2021-02-01,Digital,27058.5
PHL,2021-02-01,Billboard & radio,12638.86
PHL,2021-02-01,Sponsorships,12376.16
PHL,2021-03-01,TV,28245.05
PHL,2021-03-01,Digital,27763.2
PHL,2021-03-01,Billboard & radio,12044.75
PHL,2021-03-01,Sponsorships,11303.39
PHL,2021-04-01,TV,28743.84
PHL,2021-04-01,Digital,26029.96
PHL,2021-04-01,Billboard & radio,12305.89
PHL,2021-04-01,Sponsorships,12513.07
PHL,2021-05-01,TV,27853.1
PHL,2021-05-01,Digital,27319.66
PHL,2021-05-01,Billboard & radio,12048.93
PHL,2021-05-01,Sponsorships,10122.42
PHL,2021-06-01,TV,27979.05
PHL,2021-06-01,Digital,27406.28
PHL,2021-06-01,Billboard & radio,11782.6
PHL,2021-06-01,Sponsorships,12229.8
PHL,2021-07-01,TV,27459.46
PHL,2021-07-01,Digital,25991.15
PHL,2021-07-01,Billboard & radio,11728.98
PHL,2021-07-01,Sponsorships,11852.4
PHL,2021-08-01,TV,27720.89
PHL,2021-08-01,Digital,27785.65
PHL,2021-08-01,Billboard & radio,12426.38
PHL,2021-08-01,Sponsorships,11171.06
PHL,2021-09-01,TV,27804.64
PHL,2021-09-01,Digital,29340.18
PHL,2021-09-01,Billboard & radio,10788.0
PHL,2021-09-01,Sponsorships,11918.6
PHL,2021-10-01,TV,26755.78
PHL,2021-10-01,Digital,27051.61
PHL,2021-10-01,Billboard & radio,11278.1
PHL,2021-10-01,Sponsorships,11712.36
PHL,2021-11-01,TV,30099.98
PHL,2021-11-01,Digital,25819.96
PHL,2021-11-01,Billboard & radio,11121.7
PHL,2021-11-01,Sponsorships,11043.54
PHL,2021-12-01,TV,29943.1
PHL,2021-12-01,Digital,26925.34
PHL,2021-12-01,Billboard & radio,11797.36
PHL,2021-12-01,Sponsorships,11574.61
PHL,2022-01-01,TV,26260.97
PHL,2022-01-01,Digital,27238.43
PHL,2022-01-01,Billboard & radio,13264.4
PHL,2022-01-01,Sponsorships,12634.69
PHL,2022-02-01,TV,26387.05
PHL,2022-02-01,Digital,28454.94
PHL,2022-02-01,Billboard & radio,11321.38
PHL,2022-02-01,Sponsorships,10763.33
PHL,2022-03-01,TV,28967.51
PHL,2022-03-01,Digital,29161.25
PHL,2022-03-01,Billboard & radio,12430.32
PHL,2022-03-01,Sponsorships,11534.99
PHL,2022-04-01,TV,27332.66
PHL,2022-04-01,Digital,28595.77
PHL,2022-04-01,Billboard & radio,12043.73
PHL,2022-04-01,Sponsorships,11580.01
PHL,2022-05-01,TV,25331.22
PHL,2022-05-01,Digital,27719.43
PHL,2022-05-01,Billboard & radio,12449.79
PHL,2022-05-01,Sponsorships,11105.17
PHL,2022-06-01,TV,28442.79
PHL,2022-06-01,Digital,28019.41
PHL,2022-06-01,Billboard & radio,12255.56
PHL,2022-06-01,Sponsorships,12327.51
PHL,2022-07-01,TV,26605.44
PHL,2022-07-01,Digital,25334.13
PHL,2022-07-01,Billboard & radio,11497.39
PHL,2022-07-01,Sponsorships,12337.64
PHL,2022-08-01,TV,26815.55
PHL,2022-08-01,Digital,26606.02
PHL,2022-08-01,Billboard & radio,10736.76
PHL,2022-08-01,Sponsorships,12847.66
PHL,2022-09-01,TV,28700.44
PHL,2022-09-01,Digital,28623.51
PHL,2022-09-01,Billboard & radio,12384.06
PHL,2022-09-01,Sponsorships,12153.12
PHL,2022-10-01,TV,27225.78
PHL,2022-10-01,Digital,27336.81
PHL,2022-10-01,Billboard & radio,11559.97
PHL,2022-10-01,Sponsorships,13368.64
PHL,2022-11-01,TV,28328.62
PHL,2022-11-01,Digital,26923.33
PHL,2022-11-01,Billboard & radio,12087.43
PHL,2022-11-01,Sponsorships,11215.46
PHL,2022-12-01,TV,29635.9
PHL,2022-12-01,Digital,26651.46
PHL,2022-12-01,Billboard & radio,12108.45
PHL,2022-12-01,Sponsorships,12442.09
PHL,2023-01-01,TV,28092.76
PHL,2023-01-01,Digital,27692.69
PHL,2023-01-01,Billboard & radio,11818.88
PHL,2023-01-01,Sponsorships,11779.16
PHL,2023-02-01,TV,26767.74
PHL,2023-02-01,Digital,26943.06
PHL,2023-02-01,Billboard & radio,12686.38
PHL,2023-02-01,Sponsorships,11748.4
PHL,2023-03-01,TV,26479.57
PHL,2023-03-01,Digital,26850.98
PHL,2023-03-01,Billboard & radio,12462.41
PHL,2023-03-01,Sponsorships,12211.53
PHL,2023-04-01,TV,28334.7
PHL,2023-04-01,Digital,27207.6
PHL,2023-04-01,Billboard & radio,12151.14
PHL,2023-04-01,Sponsorships,11432.4
PHL,2023-05-01,TV,27204.72
PHL,2023-05-01,Digital,28899.01
PHL,2023-05-01,Billboard & radio,12328.87
PHL,2023-05-01,Sponsorships,11232.56
PHL,2023-06-01,TV,26383.48
PHL,2023-06-01,Digital,27712.31
PHL,2023-06-01,Billboard & radio,12832.0
PHL,2023-06-01,Sponsorships,10681.12
PHL,2023-07-01,TV,27946.08
PHL,2023-07-01,Digital,25666.14
PHL,2023-07-01,Billboard & radio,11437.85
PHL,2023-07-01,Sponsorships,11597.26
PHL,2023-08-01,TV,26982.99
PHL,2023-08-01,Digital,26826.86
PHL,2023-08-01,Billboard & radio,11816.76
PHL,2023-08-01,Sponsorships,11496.36
PHL,2023-09-01,TV,25547.05
PHL,2023-09-01,Digital,28637.26
PHL,2023-09-01,Billboard & radio,12257.17
PHL,2023-09-01,Sponsorships,12310.5
PHL,2023-10-01,TV,25439.18
PHL,2023-10-01,Digital,27974.45
PHL,2023-10-01,Billboard & radio,12211.75
PHL,2023-10-01,Sponsorships,11203.45
PHL,2023-11-01,TV,27575.14
PHL,2023-11-01,Digital,27402.27
PHL,2023-11-01,Billboard & radio,12900.52
PHL,2023-11-01,Sponsorships,12949.16
PHL,2023-12-01,TV,25268.81
PHL,2023-12-01,Digital,30999.44
PHL,2023-12-01,Billboard & radio,11271.94
PHL,2023-12-01,Sponsorships,12391.71
PHL,2024-01-01,TV,28899.97
PHL,2024-01-01,Digital,26190.31
PHL,2024-01-01,Billboard & radio,12103.84
PHL,2024-01-01,Sponsorships,11748.99
PHL,2024-02-01,TV,28326.44
PHL,2024-02-01,Digital,27880.4
PHL,2024-02-01,Billboard & radio,12519.09
PHL,2024-02-01,Sponsorships,11857.03
PHL,2024-03-01,TV,27331.15
PHL,2024-03-01,Digital,29073.01
PHL,2024-03-01,Billboard & radio,12155.3
PHL,2024-03-01,Sponsorships,12244.73
PHL,2024-04-01,TV,26646.62
PHL,2024-04-01,Digital,26122.0
PHL,2024-04-01,Billboard & radio,11477.19
PHL,2024-04-01,Sponsorships,11445.83
PHL,2024-05-01,TV,28645.98
PHL,2024-05-01,Digital,28907.53
PHL,2024-05-01,Billboard & radio,11720.88
PHL,2024-05-01,Sponsorships,12657.64
PHL,2024-06-01,TV,29448.42
PHL,2024-06-01,Digital,27897.93
PHL,2024-06-01,Billboard & radio,11327.07
PHL,2024-06-01,Sponsorships,12742.96
PHL,2024-07-01,TV,27478.41
PHL,2024-07-01,Digital,27736.37
PHL,2024-07-01,Billboard & radio,11611.92
PHL,2024-07-01,Sponsorships,11286.97
PHL,2024-08-01,TV,25538.53
PHL,2024-08-01,Digital,28434.67
PHL,2024-08-01,Billboard & radio,11349.8
PHL,2024-08-01,Sponsorships,13619.54
PHL,2024-09-01,TV,26065.75
PHL,2024-09-01,Digital,25829.67
PHL,2024-09-01,Billboard & radio,12113.8
PHL,2024-09-01,Sponsorships,12715.75
PHL,2024-10-01,TV,27651.51
PHL,2024-10-01,Digital,28351.12
PHL,2024-10-01,Billboard & radio,10723.65
PHL,2024-10-01,Sponsorships,11412.34
PHL,2024-11-01,TV,26082.92
PHL,2024-11-01,Digital,24950.89
PHL,2024-11-01,Billboard & radio,11881.59
PHL,2024-11-01,Sponsorships,10487.83
PHL,2024-12-01,TV,25740.35
PHL,2024-12-01,Digital,26822.18
PHL,2024-12-01,Billboard & radio,11321.52
PHL,2024-12-01,Sponsorships,12046.63
PIT,2013-01-01,TV,18655.75
PIT,2013-01-01,Digital,19196.18
PIT,2013-01-01,Billboard & radio,8171.25
PIT,2013-01-01,Sponsorships,8324.2
PIT,2013-02-01,TV,18373.24
PIT,2013-02-01,Digital,18653.81
PIT,2013-02-01,Billboard & radio,8076.41
PIT,2013-02-01,Sponsorships,7930.78
PIT,2013-03-01,TV,18010.08
PIT,2013-03-01,Digital,18069.57
PIT,2013-03-01,Billboard & radio,7553.09
PIT,2013-03-01,Sponsorships,8041.01
PIT,2013-04-01,TV,18288.62
PIT,2013-04-01,Digital,17765.71
PIT,2013-04-01,Billboard & radio,7614.24
PIT,2013-04-01,Sponsorships,7398.41
PIT,2013-05-01,TV,19274.31
PIT,2013-05-01,Digital,18447.23
PIT,2013-05-01,Billboard & radio,7535.27
PIT,2013-05-01,Sponsorships,8193.37
PIT,2013-06-01,TV,17860.09
PIT,2013-06-01,Digital,17082.78
PIT,2013-06-01,Billboard & radio,8277.11
PIT,2013-06-01,Sponsorships,7663.52
PIT,2013-07-01,TV,17999.32
PIT,2013-07-01,Digital,18412.83
PIT,2013-07-01,Billboard & radio,8324.89
PIT,2013-07-01,Sponsorships,7882.89
PIT,2013-08-01,TV,17273.31
PIT,2013-08-01,Digital,18874.69
PIT,2013-08-01,Billboard & radio,7684.04
PIT,2013-08-01,Sponsorships,8618.37
PIT,2013-09-01,TV,18373.97
PIT,2013-09-01,Digital,16321.56
PIT,2013-09-01,Billboard & radio,8015.71
PIT,2013-09-01,Sponsorships,8640.69
PIT,2013-10-01,TV,19822.88
PIT,2013-10-01,Digital,20057.19
PIT,2013-10-01,Billboard & radio,7473.47
PIT,2013-10-01,Sponsorships,8234.16
PIT,2013-11-01,TV,17711.67
PIT,2013-11-01,Digital,18581.07
PIT,2013-11-01,Billboard & radio,7373.77
PIT,2013-11-01,Sponsorships,7621.25
PIT,2013-12-01,TV,17753.7
PIT,2013-12-01,Digital,19200.55
PIT,2013-12-01,Billboard & radio,8190.28
PIT,2013-12-01,Sponsorships,7984.0
PIT,2014-01-01,TV,17134.3
PIT,2014-01-01,Digital,18088.68
PIT,2014-01-01,Billboard & radio,7581.22
PIT,2014-01-01,Sponsorships,8217.43
PIT,2014-02-01,TV,19457.46
PIT,2014-02-01,Digital,19345.55
PIT,2014-02-01,Billboard & radio,7577.63
PIT,2014-02-01,Sponsorships,6796.31
PIT,2014-03-01,TV,16751.6
PIT,2014-03-01,Digital,19681.12
PIT,2014-03-01,Billboard & radio,7717.01
PIT,2014-03-01,Sponsorships,7579.4
PIT,2014-04-01,TV,19884.19
PIT,2014-04-01,Digital,19537.37
PIT,2014-04-01,Billboard & radio,7884.63
PIT,2014-04-01,Sponsorships,7759.47
PIT,2014-05-01,TV,18253.63
PIT,2014-05-01,Digital,18583.71
PIT,2014-05-01,Billboard & radio,8505.02
PIT,2014-05-01,Sponsorships,8041.35
PIT,2014-06-01,TV,19042.04
PIT,2014-06-01,Digital,19449.27
PIT,2014-06-01,Billboard & radio,7414.44
PIT,2014-06-01,Sponsorships,8172.23
PIT,2014-07-01,TV,18104.36
PIT,2014-07-01,Digital,16063.34
PIT,2014-07-01,Billboard & radio,7037.03
PIT,2014-07-01,Sponsorships,7474.12
PIT,2014-08-01,TV,18863.06
PIT,2014-08-01,Digital,18479.55
PIT,2014-08-01,Billboard & radio,7947.59
PIT,2014-08-01,Sponsorships,8643.18
PIT,2014-09-01,TV,17209.02
PIT,2014-09-01,Digital,18349.8
PIT,2014-09-01,Billboard & radio,7994.87
PIT,2014-09-01,Sponsorships,7585.09
PIT,2014-10-01,TV,18401.03
PIT,2014-10-01,Digital,16905.05
PIT,2014-10-01,Billboard & radio,8430.15
PIT,2014-10-01,Sponsorships,7606.61
PIT,2014-11-01,TV,20241.35
PIT,2014-11-01,Digital,18345.16
PIT,2014-11-01,Billboard & radio,8279.8
PIT,2014-11-01,Sponsorships,7854.01
PIT,2014-12-01,TV,18346.75
PIT,2014-12-01,Digital,17838.42
PIT,2014-12-01,Billboard & radio,7921.91
PIT,2014-12-01,Sponsorships,8000.21
PIT,2015-01-01,TV,17654.46
PIT,2015-01-01,Digital,18260.12
PIT,2015-01-01,Billboard & radio,7634.77
PIT,2015-01-01,Sponsorships,8780.49
PIT,2015-02-01,TV,18292.56
PIT,2015-02-01,Digital,19794.68
PIT,2015-02-01,Billboard & radio,7797.97
PIT,2015-02-01,Sponsorships,7977.09
PIT,2015-03-01,TV,17161.0
PIT,2015-03-01,Digital,17964.25
PIT,2015-03-01,Billboard & radio,7957.9
PIT,2015-03-01,Sponsorships,8499.49
PIT,2015-04-01,TV,18578.95
PIT,2015-04-01,Digital,19646.29
PIT,2015-04-01,Billboard & radio,8127.29
PIT,2015-04-01,Sponsorships,8515.79
PIT,2015-05-01,TV,18320.75
PIT,2015-05-01,Digital,20571.02
PIT,2015-05-01,Billboard & radio,7683.88
PIT,2015-05-01,Sponsorships,7573.21
PIT,2015-06-01,TV,17263.26
PIT,2015-06-01,Digital,20516.63
PIT,2015-06-01,Billboard & radio,8197.66
PIT,2015-06-01,Sponsorships,7743.44
PIT,2015-07-01,TV,19522.54
PIT,2015-07-01,Digital,19006.82
PIT,2015-07-01,Billboard & radio,8649.16
PIT,2015-07-01,Sponsorships,7265.54
PIT,2015-08-01,TV,18131.2
PIT,2015-08-01,Digital,17950.06
PIT,2015-08-01,Billboard & radio,7097.86
PIT,2015-08-01,Sponsorships,8292.5
PIT,2015-09-01,TV,18126.57
PIT,2015-09-01,Digital,19054.54
PIT,2015-09-01,Billboard & radio,8804.16
PIT,2015-09-01,Sponsorships,7735.91
PIT,2015-10-01,TV,17988.07
PIT,2015-10-01,Digital,18484.02
PIT,2015-10-01,Billboard & radio,8263.73
PIT,2015-10-01,Sponsorships,7651.86
PIT,2015-11-01,TV,17795.3
PIT,2015-11-01,Digital,19346.29
PIT,2015-11-01,Billboard & radio,8024.09
PIT,2015-11-01,Sponsorships,7069.89
PIT,2015-12-01,TV,17249.17
PIT,2015-12-01,Digital,19754.26
PIT,2015-12-01,Billboard & radio,8033.26
PIT,2015-12-01,Sponsorships,7574.89
PIT,2016-01-01,TV,18218.44
PIT,2016-01-01,Digital,18387.16
PIT,2016-01-01,Billboard & radio,8164.7
PIT,2016-01-01,Sponsorships,7340.18
PIT,2016-02-01,TV,17602.38
PIT,2016-02-01,Digital,18625.78
PIT,2016-02-01,Billboard & radio,7835.69
PIT,2016-02-01,Sponsorships,8100.17
PIT,2016-03-01,TV,17245.39
PIT,2016-03-01,Digital,18703.11
PIT,2016-03-01,Billboard & radio,8304.81
PIT,2016-03-01,Sponsorships,8066.68
PIT,2016-04-01,TV,18502.81
PIT,2016-04-01,Digital,18286.91
PIT,2016-04-01,Billboard & radio,7546.28
PIT,2016-04-01,Sponsorships,7846.65
PIT,2016-05-01,TV,19532.35
PIT,2016-05-01,Digital,18265.64
PIT,2016-05-01,Billboard & radio,7524.64
PIT,2016-05-01,Sponsorships,7681.18
PIT,2016-06-01,TV,18559.53
PIT,2016-06-01,Digital,18031.83
PIT,2016-06-01,Billboard & radio,8066.09
PIT,2016-06-01,Sponsorships,8080.87
PIT,2016-07-01,TV,19191.75
PIT,2016-07-01,Digital,19682.9
PIT,2016-07-01,Billboard & radio,8267.12
PIT,2016-07-01,Sponsorships,7507.14
PIT,2016-08-01,TV,17544.88
PIT,2016-08-01,Digital,18305.38
PIT,2016-08-01,Billboard & radio,7697.35
PIT,2016-08-01,Sponsorships,7426.78
PIT,2016-09-01,TV,17969.2
PIT,2016-09-01,Digital,17939.04
PIT,2016-09-01,Billboard & radio,7610.46
PIT,2016-09-01,Sponsorships,7750.66
PIT,2016-10-01,TV,19457.7
PIT,2016-10-01,Digital,18558.05
PIT,2016-10-01,Billboard & radio,8848.27
PIT,2016-10-01,Sponsorships,7942.14
PIT,2016-11-01,TV,18108.5
PIT,2016-11-01,Digital,18378.8
PIT,2016-11-01,Billboard & radio,7975.99
PIT,2016-11-01,Sponsorships,8046.38
PIT,2016-12-01,TV,20282.98
PIT,2016-12-01,Digital,17598.36
PIT,2016-12-01,Billboard & radio,8213.25
PIT,2016-12-01,Sponsorships,7956.8
PIT,2017-01-01,TV,16931.55
PIT,2017-01-01,Digital,19083.08
PIT,2017-01-01,Billboard & radio,8374.13
PIT,2017-01-01,Sponsorships,7537.49
PIT,2017-02-01,TV,18366.79
PIT,2017-02-01,Digital,16789.83
PIT,2017-02-01,Billboard & radio,7379.34
PIT,2017-02-01,Sponsorships,8287.66
PIT,2017-03-01,TV,17946.48
PIT,2017-03-01,Digital,17356.29
PIT,2017-03-01,Billboard & radio,7965.35
PIT,2017-03-01,Sponsorships,7669.3
PIT,2017-04-01,TV,17942.43
PIT,2017-04-01,Digital,19054.26
PIT,2017-04-01,Billboard & radio,7417.57
PIT,2017-04-01,Sponsorships,7518.51
PIT,2017-05-01,TV,18516.56
PIT,2017-05-01,Digital,19265.65
PIT,2017-05-01,Billboard & radio,8362.53
PIT,2017-05-01,Sponsorships,7613.13
PIT,2017-06-01,TV,19236.22
PIT,2017-06-01,Digital,17654.57
PIT,2017-06-01,Billboard & radio,8594.07
PIT,2017-06-01,Sponsorships,7428.58
PIT,2017-07-01,TV,19595.54
PIT,2017-07-01,Digital,17771.85
PIT,2017-07-01,Billboard & radio,8667.72
PIT,2017-07-01,Sponsorships,8107.83
PIT,2017-08-01,TV,17441.53
PIT,2017-08-01,Digital,17895.19
PIT,2017-08-01,Billboard & radio,8182.59
PIT,2017-08-01,Sponsorships,8289.48
PIT,2017-09-01,TV,18310.03
PIT,2017-09-01,Digital,18416.03
PIT,2017-09-01,Billboard & radio,8173.6
PIT,2017-09-01,Sponsorships,7926.9
PIT,2017-10-01,TV,17186.59
PIT,2017-10-01,Digital,17628.08
PIT,2017-10-01,Billboard & radio,7967.58
PIT,2017-10-01,Sponsorships,8353.6
PIT,2017-11-01,TV,19859.68
PIT,2017-11-01,Digital,19091.19
PIT,2017-11-01,Billboard & radio,7988.12
PIT,2017-11-01,Sponsorships,8169.85
PIT,2017-12-01,TV,17762.42
PIT,2017-12-01,Digital,18234.22
PIT,2017-12-01,Billboard & radio,7550.5
PIT,2017-12-01,Sponsorships,7383.31
PIT,2018-01-01,TV,18681.45
PIT,2018-01-01,Digital,18545.44
PIT,2018-01-01,Billboard & radio,8145.76
PIT,2018-01-01,Sponsorships,8090.03
PIT,2018-02-01,TV,18597.93
PIT,2018-02-01,Digital,18886.39
PIT,2018-02-01,Billboard & radio,7858.19
PIT,2018-02-01,Sponsorships,8037.58
PIT,2018-03-01,TV,17707.85
PIT,2018-03-01,Digital,18714.67
PIT,2018-03-01,Billboard & radio,8138.19
PIT,2018-03-01,Sponsorships,7611.31
PIT,2018-04-01,TV,18422.62
PIT,2018-04-01,Digital,17802.07
PIT,2018-04-01,Billboard & radio,7667.69
PIT,2018-04-01,Sponsorships,7432.06
PIT,2018-05-01,TV,19537.93
PIT,2018-05-01,Digital,19354.1
PIT,2018-05-01,Billboard & radio,8086.61
PIT,2018-05-01,Sponsorships,8651.55
PIT,2018-06-01,TV,18201.13
PIT,2018-06-01,Digital,21160.43
PIT,2018-06-01,Billboard & radio,7785.41
PIT,2018-06-01,Sponsorships,7975.48
PIT,2018-07-01,TV,18009.54
PIT,2018-07-01,Digital,18717.07
PIT,2018-07-01,Billboard & radio,8204.02
PIT,2018-07-01,Sponsorships,7830.15
PIT,2018-08-01,TV,20007.36
PIT,2018-08-01,Digital,18594.72
PIT,2018-08-01,Billboard & radio,7981.5
PIT,2018-08-01,Sponsorships,7517.08
PIT,2018-09-01,TV,18759.5
PIT,2018-09-01,Digital,18251.86
PIT,2018-09-01,Billboard & radio,7635.51
PIT,2018-09-01,Sponsorships,7569.26
PIT,2018-10-01,TV,20829.68
PIT,2018-10-01,Digital,18132.93
PIT,2018-10-01,Billboard & radio,7301.31
PIT,2018-10-01,Sponsorships,7600.08
PIT,2018-11-01,TV,18327.62
PIT,2018-11-01,Digital,18877.25
PIT,2018-11-01,Billboard & radio,8093.45
PIT,2018-11-01,Sponsorships,8141.42
PIT,2018-12-01,TV,17782.53
PIT,2018-12-01,Digital,18687.78
PIT,2018-12-01,Billboard & radio,7530.05
PIT,2018-12-01,Sponsorships,7631.02
PIT,2019-01-01,TV,17531.85
PIT,2019-01-01,Digital,17283.17
PIT,2019-01-01,Billboard & radio,8294.03
PIT,2019-01-01,Sponsorships,8146.14
PIT,2019-02-01,TV,19272.31
PIT,2019-02-01,Digital,18411.12
PIT,2019-02-01,Billboard & radio,8180.87
PIT,2019-02-01,Sponsorships,7181.49
PIT,2019-03-01,TV,19167.96
PIT,2019-03-01,Digital,18537.73
PIT,2019-03-01,Billboard & radio,8121.92
PIT,2019-03-01,Sponsorships,8024.63
PIT,2019-04-01,TV,17468.14
PIT,2019-04-01,Digital,16998.68
PIT,2019-04-01,Billboard & radio,7594.63
PIT,2019-04-01,Sponsorships,8097.44
PIT,2019-05-01,TV,19009.02
PIT,2019-05-01,Digital,17118.2
PIT,2019-05-01,Billboard & radio,7488.69
PIT,2019-05-01,Sponsorships,7590.23
PIT,2019-06-01,TV,18046.73
PIT,2019-06-01,Digital,17123.62
PIT,2019-06-01,Billboard & radio,7315.07
PIT,2019-06-01,Sponsorships,7551.4
PIT,2019-07-01,TV,18454.25
PIT,2019-07-01,Digital,17290.33
PIT,2019-07-01,Billboard & radio,7829.4
PIT,2019-07-01,Sponsorships,8291.81
PIT,2019-08-01,TV,17178.99
PIT,2019-08-01,Digital,18185.33
PIT,2019-08-01,Billboard & radio,8278.5
PIT,2019-08-01,Sponsorships,7710.31
PIT,2019-09-01,TV,17847.94
PIT,2019-09-01,Digital,19443.96
PIT,2019-09-01,Billboard & radio,7754.43
PIT,2019-09-01,Sponsorships,8309.89
PIT,2019-10-01,TV,18769.11
PIT,2019-10-01,Digital,18060.01
PIT,2019-10-01,Billboard & radio,8063.88
PIT,2019-10-01,Sponsorships,8001.18
PIT,2019-11-01,TV,19312.94
PIT,2019-11-01,Digital,17871.21
PIT,2019-11-01,Billboard & radio,7891.22
PIT,2019-11-01,Sponsorships,7850.78
PIT,2019-12-01,TV,19021.94
PIT,2019-12-01,Digital,17433.12
PIT,2019-12-01,Billboard & radio,8275.43
PIT,2019-12-01,Sponsorships,8058.62
PIT,2020-01-01,TV,17165.08
PIT,2020-01-01,Digital,19485.09
PIT,2020-01-01,Billboard & radio,8754.67
PIT,2020-01-01,Sponsorships,8269.47
PIT,2020-02-01,TV,19686.04
PIT,2020-02-01,Digital,18453.43
PIT,2020-02-01,Billboard & radio,7220.78
PIT,2020-02-01,Sponsorships,7148.88
PIT,2020-03-01,TV,18609.36
PIT,2020-03-01,Digital,17831.12
PIT,2020-03-01,Billboard & radio,7514.89
PIT,2020-03-01,Sponsorships,7850.29
PIT,2020-04-01,TV,18940.57
PIT,2020-04-01,Digital,17040.28
PIT,2020-04-01,Billboard & radio,7698.25
PIT,2020-04-01,Sponsorships,8469.51
PIT,2020-05-01,TV,17387.08
PIT,2020-05-01,Digital,19174.09
PIT,2020-05-01,Billboard & radio,7684.14
PIT,2020-05-01,Sponsorships,8089.91
PIT,2020-06-01,TV,19383.17
PIT,2020-06-01,Digital,19056.05
PIT,2020-06-01,Billboard & radio,8232.98
PIT,2020-06-01,Sponsorships,7421.56
PIT,2020-07-01,TV,19398.17
PIT,2020-07-01,Digital,17591.59
PIT,2020-07-01,Billboard & radio,7977.19
PIT,2020-07-01,Sponsorships,7976.68
PIT,2020-08-01,TV,18820.71
PIT,2020-08-01,Digital,18684.58
PIT,2020-08-01,Billboard & radio,7542.75
PIT,2020-08-01,Sponsorships,7343.49
PIT,2020-09-01,TV,19176.47
PIT,2020-09-01,Digital,18545.74
PIT,2020-09-01,Billboard & radio,8327.57
PIT,2020-09-01,Sponsorships,7857.39
PIT,2020-10-01,TV,17084.01
PIT,2020-10-01,Digital,19262.63
PIT,2020-10-01,Billboard & radio,7729.17
PIT,2020-10-01,Sponsorships,8009.66
PIT,2020-11-01,TV,17780.15
PIT,2020-11-01,Digital,19885.7
PIT,2020-11-01,Billboard & radio,7529.85
PIT,2020-11-01,Sponsorships,7742.14
PIT,2020-12-01,TV,18473.72
PIT,2020-12-01,Digital,17371.56
PIT,2020-12-01,Billboard & radio,8005.14
PIT,2020-12-01,Sponsorships,8509.69
PIT,2021-01-01,TV,17924.39
PIT,2021-01-01,Digital,18738.04
PIT,2021-01-01,Billboard & radio,6792.41
PIT,2021-01-01,Sponsorships,7859.67
PIT,2021-02-01,TV,18087.39
PIT,2021-02-01,Digital,17623.01
PIT,2021-02-01,Billboard & radio,8300.82
PIT,2021-02-01,Sponsorships,7746.54
PIT,2021-03-01,TV,18211.94
PIT,2021-03-01,Digital,18028.45
PIT,2021-03-01,Billboard & radio,7120.25
PIT,2021-03-01,Sponsorships,7429.28
PIT,2021-04-01,TV,19258.0
PIT,2021-04-01,Digital,16436.48
PIT,2021-04-01,Billboard & radio,7573.26
PIT,2021-04-01,Sponsorships,7717.61
PIT,2021-05-01,TV,19976.95
PIT,2021-05-01,Digital,19081.15
PIT,2021-05-01,Billboard & radio,7655.61
PIT,2021-05-01,Sponsorships,8388.65
PIT,2021-06-01,TV,17694.65
PIT,2021-06-01,Digital,19302.11
PIT,2021-06-01,Billboard & radio,7339.94
PIT,2021-06-01,Sponsorships,8297.6
PIT,2021-07-01,TV,18001.86
PIT,2021-07-01,Digital,17430.06
PIT,2021-07-01,Billboard & radio,7789.5
PIT,2021-07-01,Sponsorships,7984.2
PIT,2021-08-01,TV,17920.45
PIT,2021-08-01,Digital,18883.94
PIT,2021-08-01,Billboard & radio,7645.45
PIT,2021-08-01,Sponsorships,8119.27
PIT,2021-09-01,TV,18781.29
PIT,2021-09-01,Digital,18319.03
PIT,2021-09-01,Billboard & radio,7701.21
PIT,2021-09-01,Sponsorships,7934.67
PIT,2021-10-01,TV,18880.55
PIT,2021-10-01,Digital,20269.28
PIT,2021-10-01,Billboard & radio,8244.9
PIT,2021-10-01,Sponsorships,8259.3
PIT,2021-11-01,TV,21212.57
PIT,2021-11-01,Digital,18849.04
PIT,2021-11-01,Billboard & radio,8065.83
PIT,2021-11-01,Sponsorships,8152.21
PIT,2021-12-01,TV,17448.01
PIT,2021-12-01,Digital,17967.17
PIT,2021-12-01,Billboard & radio,7675.7
PIT,2021-12-01,Sponsorships,8130.0
PIT,2022-01-01,TV,18214.98
PIT,2022-01-01,Digital,18501.99
PIT,2022-01-01,Billboard & radio,8303.19
PIT,2022-01-01,Sponsorships,8214.87
PIT,2022-02-01,TV,18226.42
PIT,2022-02-01,Digital,17759.44
PIT,2022-02-01,Billboard & radio,8322.01
PIT,2022-02-01,Sponsorships,8179.72
PIT,2022-03-01,TV,16899.25
PIT,2022-03-01,Digital,18087.29
PIT,2022-03-01,Billboard & radio,7940.17
PIT,2022-03-01,Sponsorships,8181.66
PIT,2022-04-01,TV,19211.16
PIT,2022-04-01,Digital,18635.84
PIT,2022-04-01,Billboard & radio,8105.44
PIT,2022-04-01,Sponsorships,7900.25
PIT,2022-05-01,TV,17755.9
PIT,2022-05-01,Digital,18134.96
PIT,2022-05-01,Billboard & radio,7882.48
PIT,2022-05-01,Sponsorships,7861.35
PIT,2022-06-01,TV,16642.63
PIT,2022-06-01,Digital,18009.81
PIT,2022-06-01,Billboard & radio,7897.13
PIT,2022-06-01,Sponsorships,7764.21
PIT,2022-07-01,TV,18148.23
PIT,2022-07-01,Digital,18823.34
PIT,2022-07-01,Billboard & radio,7450.16
PIT,2022-07-01,Sponsorships,7233.96
PIT,2022-08-01,TV,18055.12
PIT,2022-08-01,Digital,19077.03
PIT,2022-08-01,Billboard & radio,8539.47
PIT,2022-08-01,Sponsorships,8182.96
PIT,2022-09-01,TV,17026.03
PIT,2022-09-01,Digital,18161.51
PIT,2022-09-01,Billboard & radio,7976.05
PIT,2022-09-01,Sponsorships,7944.93
PIT,2022-10-01,TV,18870.49
PIT,2022-10-01,Digital,17532.46
PIT,2022-10-01,Billboard & radio,7900.57
PIT,2022-10-01,Sponsorships,8040.5
PIT,2022-11-01,TV,19133.59
PIT,2022-11-01,Digital,17634.75
PIT,2022-11-01,Billboard & radio,7739.09
PIT,2022-11-01,Sponsorships,6810.37
PIT,2022-12-01,TV,17804.03
PIT,2022-12-01,Digital,17893.19
PIT,2022-12-01,Billboard & radio,7473.54
PIT,2022-12-01,Sponsorships,7940.21
PIT,2023-01-01,TV,18323.6
PIT,2023-01-01,Digital,16299.35
PIT,2023-01-01,Billboard & radio,7959.86
PIT,2023-01-01,Sponsorships,7509.47
PIT,2023-02-01,TV,18821.23
PIT,2023-02-01,Digital,17197.3
PIT,2023-02-01,Billboard & radio,7886.82
PIT,2023-02-01,Sponsorships,7763.5
PIT,2023-03-01,TV,18653.47
PIT,2023-03-01,Digital,18489.57
PIT,2023-03-01,Billboard & radio,7774.53
PIT,2023-03-01,Sponsorships,7270.09
PIT,2023-04-01,TV,17017.82
PIT,2023-04-01,Digital,17838.55
PIT,2023-04-01,Billboard & radio,7871.74
PIT,2023-04-01,Sponsorships,7635.5
PIT,2023-05-01,TV,18949.41
PIT,2023-05-01,Digital,18118.47
PIT,2023-05-01,Billboard & radio,7495.03
PIT,2023-05-01,Sponsorships,7765.5
PIT,2023-06-01,TV,18582.51
PIT,2023-06-01,Digital,18673.49
PIT,2023-06-01,Billboard & radio,8614.61
PIT,2023-06-01,Sponsorships,7611.62
PIT,2023-07-01,TV,18307.49
PIT,2023-07-01,Digital,18766.5
PIT,2023-07-01,Billboard & radio,7865.78
PIT,2023-07-01,Sponsorships,7677.88
PIT,2023-08-01,TV,16951.62
PIT,2023-08-01,Digital,17905.67
PIT,2023-08-01,Billboard & radio,7452.23
PIT,2023-08-01,Sponsorships,7195.15
PIT,2023-09-01,TV,17643.97
PIT,2023-09-01,Digital,17412.98
PIT,2023-09-01,Billboard & radio,8104.87
PIT,2023-09-01,Sponsorships,8111.68
PIT,2023-10-01,TV,17544.56
PIT,2023-10-01,Digital,18135.91
PIT,2023-10-01,Billboard & radio,7143.32
PIT,2023-10-01,Sponsorships,7680.35
PIT,2023-11-01,TV,18741.56
PIT,2023-11-01,Digital,19132.91
PIT,2023-11-01,Billboard & radio,7594.24
PIT,2023-11-01,Sponsorships,8289.17
PIT,2023-12-01,TV,16982.46
PIT,2023-12-01,Digital,17228.74
PIT,2023-12-01,Billboard & radio,8154.43
PIT,2023-12-01,Sponsorships,8533.0
PIT,2024-01-01,TV,18828.34
PIT,2024-01-01,Digital,18337.94
PIT,2024-01-01,Billboard & radio,7010.65
PIT,2024-01-01,Sponsorships,7078.66
PIT,2024-02-01,TV,18493.9
PIT,2024-02-01,Digital,18046.03
PIT,2024-02-01,Billboard & radio,7439.58
PIT,2024-02-01,Sponsorships,7900.8
PIT,2024-03-01,TV,18480.78
PIT,2024-03-01,Digital,19242.68
PIT,2024-03-01,Billboard & radio,7928.79
PIT,2024-03-01,Sponsorships,8358.68
PIT,2024-04-01,TV,18382.34
PIT,2024-04-01,Digital,18269.04
PIT,2024-04-01,Billboard & radio,8294.07
PIT,2024-04-01,Sponsorships,7489.74
PIT,2024-05-01,TV,20960.77
PIT,2024-05-01,Digital,18719.77
PIT,2024-05-01,Billboard & radio,8024.95
PIT,2024-05-01,Sponsorships,8081.76
PIT,2024-06-01,TV,20099.62
PIT,2024-06-01,Digital,19103.12
PIT,2024-06-01,Billboard & radio,7243.01
PIT,2024-06-01,Sponsorships,8427.62
PIT,2024-07-01,TV,18061.8
PIT,2024-07-01,Digital,18473.45
PIT,2024-07-01,Billboard & radio,7371.29
PIT,2024-07-01,Sponsorships,8082.19
PIT,2024-08-01,TV,17776.55
PIT,2024-08-01,Digital,18467.03
PIT,2024-08-01,Billboard & radio,7763.14
PIT,2024-08-01,Sponsorships,8632.97
PIT,2024-09-01,TV,20196.2
PIT,2024-09-01,Digital,18417.73
PIT,2024-09-01,Billboard & radio,7900.19
PIT,2024-09-01,Sponsorships,7727.96
PIT,2024-10-01,TV,19391.14
PIT,2024-10-01,Digital,18072.8
PIT,2024-10-01,Billboard & radio,7709.1
PIT,2024-10-01,Sponsorships,8260.32
PIT,2024-11-01,TV,17880.44
PIT,2024-11-01,Digital,18340.31
PIT,2024-11-01,Billboard & radio,7252.36
PIT,2024-11-01,Sponsorships,8152.27
PIT,2024-12-01,TV,20158.17
PIT,2024-12-01,Digital,19037.63
PIT,2024-12-01,Billboard & radio,8450.58
PIT,2024-12-01,Sponsorships,7541.85
ATL,2013-01-01,TV,29216.19
ATL,2013-01-01,Digital,27513.31
ATL,2013-01-01,Billboard & radio,12234.07
ATL,2013-01-01,Sponsorships,12852.81
ATL,2013-02-01,TV,29022.0
ATL,2013-02-01,Digital,26835.5
ATL,2013-02-01,Billboard & radio,11561.33
ATL,2013-02-01,Sponsorships,11520.4
ATL,2013-03-01,TV,29584.53
ATL,2013-03-01,Digital,31854.75
ATL,2013-03-01,Billboard & radio,13218.02
ATL,2013-03-01,Sponsorships,11201.86
ATL,2013-04-01,TV,30926.68
ATL,2013-04-01,Digital,30226.93
ATL,2013-04-01,Billboard & radio,11418.85
ATL,2013-04-01,Sponsorships,12187.39
ATL,2013-05-01,TV,30456.66
ATL,2013-05-01,Digital,29669.69
ATL,2013-05-01,Billboard & radio,11565.0
ATL,2013-05-01,Sponsorships,12752.9
ATL,2013-06-01,TV,25788.98
ATL,2013-06-01,Digital,28553.3
ATL,2013-06-01,Billboard & radio,13079.11
ATL,2013-06-01,Sponsorships,12386.38
ATL,2013-07-01,TV,28154.66
ATL,2013-07-01,Digital,30158.99
ATL,2013-07-01,Billboard & radio,12978.13
ATL,2013-07-01,Sponsorships,13185.59
ATL,2013-08-01,TV,30137.33
ATL,2013-08-01,Digital,30436.23
ATL,2013-08-01,Billboard & radio,12828.49
ATL,2013-08-01,Sponsorships,12539.3
ATL,2013-09-01,TV,29004.23
ATL,2013-09-01,Digital,28532.46
ATL,2013-09-01,Billboard & radio,11624.85
ATL,2013-09-01,Sponsorships,11783.9
ATL,2013-10-01,TV,28467.84
ATL,2013-10-01,Digital,29223.6
ATL,2013-10-01,Billboard & radio,13266.5
ATL,2013-10-01,Sponsorships,12349.14
ATL,2013-11-01,TV,30323.77
ATL,2013-11-01,Digital,30433.26
ATL,2013-11-01,Billboard & radio,12231.79
ATL,2013-11-01,Sponsorships,12742.96
ATL,2013-12-01,TV,28523.41
ATL,2013-12-01,Digital,30783.83
ATL,2013-12-01,Billboard & radio,12768.43
ATL,2013-12-01,Sponsorships,11638.39
ATL,2014-01-01,TV,29108.2
ATL,2014-01-01,Digital,31254.46
ATL,2014-01-01,Billboard & radio,12262.86
ATL,2014-01-01,Sponsorships,12652.02
ATL,2014-02-01,TV,29663.11
ATL,2014-02-01,Digital,27378.38
ATL,2014-02-01,Billboard & radio,12691.0
ATL,2014-02-01,Sponsorships,11512.56
ATL,2014-03-01,TV,27971.76
ATL,2014-03-01,Digital,30428.08
ATL,2014-03-01,Billboard & radio,12595.74
ATL,2014-03-01,Sponsorships,12186.6
ATL,2014-04-01,TV,29519.58
ATL,2014-04-01,Digital,28788.24
ATL,2014-04-01,Billboard & radio,12382.78
ATL,2014-04-01,Sponsorships,12781.41
ATL,2014-05-01,TV,27824.86
ATL,2014-05-01,Digital,28933.24
ATL,2014-05-01,Billboard & radio,12181.78
ATL,2014-05-01,Sponsorships,11393.91
ATL,2014-06-01,TV,27546.09
ATL,2014-06-01,Digital,31139.1
ATL,2014-06-01,Billboard & radio,12613.05
ATL,2014-06-01,Sponsorships,11556.03
ATL,2014-07-01,TV,26651.11
ATL,2014-07-01,Digital,28713.06
ATL,2014-07-01,Billboard & radio,13340.98
ATL,2014-07-01,Sponsorships,12259.44
ATL,2014-08-01,TV,30761.98
ATL,2014-08-01,Digital,29383.1
ATL,2014-08-01,Billboard & radio,12666.59
ATL,2014-08-01,Sponsorships,11548.52
ATL,2014-09-01,TV,30228.55
ATL,2014-09-01,Digital,28391.44
ATL,2014-09-01,Billboard & radio,12909.04
ATL,2014-09-01,Sponsorships,11871.23
ATL,2014-10-01,TV,29130.61
ATL,2014-10-01,Digital,29383.2
ATL,2014-10-01,Billboard & radio,12279.69
ATL,2014-10-01,Sponsorships,12625.31
ATL,2014-11-01,TV,28490.39
ATL,2014-11-01,Digital,27937.92
ATL,2014-11-01,Billboard & radio,13368.39
ATL,2014-11-01,Sponsorships,13024.04
ATL,2014-12-01,TV,27776.5
ATL,2014-12-01,Digital,29695.69
ATL,2014-12-01,Billboard & radio,11915.47
ATL,2014-12-01,Sponsorships,11641.98
ATL,2015-01-01,TV,30367.56
ATL,2015-01-01,Digital,26414.71
ATL,2015-01-01,Billboard & radio,12948.49
ATL,2015-01-01,Sponsorships,12218.63
ATL,2015-02-01,TV,28569.58
ATL,2015-02-01,Digital,29466.58
ATL,2015-02-01,Billboard & radio,12734.62
ATL,2015-02-01,Sponsorships,11863.7
ATL,2015-03-01,TV,29911.22
ATL,2015-03-01,Digital,29038.68
ATL,2015-03-01,Billboard & radio,11597.82
ATL,2015-03-01,Sponsorships,12269.89
ATL,2015-04-01,TV,30869.22
ATL,2015-04-01,Digital,31295.58
ATL,2015-04-01,Billboard & radio,12818.86
ATL,2015-04-01,Sponsorships,11638.47
ATL,2015-05-01,TV,29583.31
ATL,2015-05-01,Digital,30103.43
ATL,2015-05-01,Billboard & radio,12824.03
ATL,2015-05-01,Sponsorships,12860.69
ATL,2015-06-01,TV,29399.46
ATL,2015-06-01,Digital,28770.45
ATL,2015-06-01,Billboard & radio,11998.57
ATL,2015-06-01,Sponsorships,11200.65
ATL,2015-07-01,TV,29365.36
ATL,2015-07-01,Digital,29143.61
ATL,2015-07-01,Billboard & radio,12720.0
ATL,2015-07-01,Sponsorships,11547.39
ATL,2015-08-01,TV,29806.24
ATL,2015-08-01,Digital,31841.25
ATL,2015-08-01,Billboard & radio,12423.54
ATL,2015-08-01,Sponsorships,12336.84
ATL,2015-09-01,TV,29321.12
ATL,2015-09-01,Digital,31809.19
ATL,2015-09-01,Billboard & radio,11741.62
ATL,2015-09-01,Sponsorships,12500.73
ATL,2015-10-01,TV,27720.49
ATL,2015-10-01,Digital,28085.26
ATL,2015-10-01,Billboard & radio,12344.32
ATL,2015-10-01,Sponsorships,13208.66
ATL,2015-11-01,TV,31475.18
ATL,2015-11-01,Digital,29522.01
ATL,2015-11-01,Billboard & radio,12141.98
ATL,2015-11-01,Sponsorships,13917.38
ATL,2015-12-01,TV,28257.72
ATL,2015-12-01,Digital,28050.42
ATL,2015-12-01,Billboard & radio,11276.75
ATL,2015-12-01,Sponsorships,13238.83
ATL,2016-01-01,TV,30272.9
ATL,2016-01-01,Digital,32365.71
ATL,2016-01-01,Billboard & radio,11515.23
ATL,2016-01-01,Sponsorships,13277.24
ATL,2016-02-01,TV,28976.26
ATL,2016-02-01,Digital,30038.81
ATL,2016-02-01,Billboard & radio,11355.44
ATL,2016-02-01,Sponsorships,13283.38
ATL,2016-03-01,TV,30010.53
ATL,2016-03-01,Digital,28818.82
ATL,2016-03-01,Billboard & radio,12774.16
ATL,2016-03-01,Sponsorships,11901.35
ATL,2016-04-01,TV,28038.43
ATL,2016-04-01,Digital,28205.9
ATL,2016-04-01,Billboard & radio,11228.62
ATL,2016-04-01,Sponsorships,12908.21
ATL,2016-05-01,TV,30595.36
ATL,2016-05-01,Digital,27862.43
ATL,2016-05-01,Billboard & radio,12590.45
ATL,2016-05-01,Sponsorships,12210.7
ATL,2016-06-01,TV,29348.95
ATL,2016-06-01,Digital,27968.94
ATL,2016-06-01,Billboard & radio,11828.38
ATL,2016-06-01,Sponsorships,13025.97
ATL,2016-07-01,TV,28782.79
ATL,2016-07-01,Digital,31794.42
ATL,2016-07-01,Billboard & radio,12403.65
ATL,2016-07-01,Sponsorships,11801.99
ATL,2016-08-01,TV,30646.4
ATL,2016-08-01,Digital,29785.72
ATL,2016-08-01,Billboard & radio,12824.75
ATL,2016-08-01,Sponsorships,13111.68
ATL,2016-09-01,TV,27932.53
ATL,2016-09-01,Digital,28691.28
ATL,2016-09-01,Billboard & radio,12268.92
ATL,2016-09-01,Sponsorships,11576.35
ATL,2016-10-01,TV,28494.44
ATL,2016-10-01,Digital,30804.4
ATL,2016-10-01,Billboard & radio,12521.85
ATL,2016-10-01,Sponsorships,11542.12
ATL,2016-11-01,TV,26628.76
ATL,2016-11-01,Digital,31278.52
ATL,2016-11-01,Billboard & radio,12319.12
ATL,2016-11-01,Sponsorships,11974.41
ATL,2016-12-01,TV,28479.42
ATL,2016-12-01,Digital,26742.14
ATL,2016-12-01,Billboard & radio,13255.54
ATL,2016-12-01,Sponsorships,12131.8
ATL,2017-01-01,TV,30849.19
ATL,2017-01-01,Digital,28949.57
ATL,2017-01-01,Billboard & radio,13259.52
ATL,2017-01-01,Sponsorships,12533.83
ATL,2017-02-01,TV,30106.85
ATL,2017-02-01,Digital,29913.19
ATL,2017-02-01,Billboard & radio,12760.66
ATL,2017-02-01,Sponsorships,12590.28
ATL,2017-03-01,TV,28538.82
ATL,2017-03-01,Digital,31640.41
ATL,2017-03-01,Billboard & radio,11813.83
ATL,2017-03-01,Sponsorships,12377.67
ATL,2017-04-01,TV,28896.49
ATL,2017-04-01,Digital,29456.02
ATL,2017-04-01,Billboard & radio,12109.26
ATL,2017-04-01,Sponsorships,12569.75
ATL,2017-05-01,TV,28631.23
ATL,2017-05-01,Digital,26591.06
ATL,2017-05-01,Billboard & radio,12380.91
ATL,2017-05-01,Sponsorships,11694.03
ATL,2017-06-01,TV,26370.98
ATL,2017-06-01,Digital,29072.61
ATL,2017-06-01,Billboard & radio,12676.88
ATL,2017-06-01,Sponsorships,12700.89
ATL,2017-07-01,TV,29693.85
ATL,2017-07-01,Digital,26084.82
ATL,2017-07-01,Billboard & radio,11532.87
ATL,2017-07-01,Sponsorships,13596.12
ATL,2017-08-01,TV,27363.09
ATL,2017-08-01,Digital,29756.9
ATL,2017-08-01,Billboard & radio,11949.96
ATL,2017-08-01,Sponsorships,12424.3
ATL,2017-09-01,TV,27960.74
ATL,2017-09-01,Digital,29685.73
ATL,2017-09-01,Billboard & radio,12459.63
ATL,2017-09-01,Sponsorships,12097.62
ATL,2017-10-01,TV,27358.81
ATL,2017-10-01,Digital,29261.6
ATL,2017-10-01,Billboard & radio,11624.63
ATL,2017-10-01,Sponsorships,12639.5
ATL,2017-11-01,TV,32666.99
ATL,2017-11-01,Digital,30824.31
ATL,2017-11-01,Billboard & radio,12819.48
ATL,2017-11-01,Sponsorships,12322.03
ATL,2017-12-01,TV,26075.93
ATL,2017-12-01,Digital,26965.95
ATL,2017-12-01,Billboard & radio,13168.73
ATL,2017-12-01,Sponsorships,11886.34
ATL,2018-01-01,TV,27865.45
ATL,2018-01-01,Digital,28635.84
ATL,2018-01-01,Billboard & radio,11717.86
ATL,2018-01-01,Sponsorships,11615.94
ATL,2018-02-01,TV,28802.13
ATL,2018-02-01,Digital,27587.85
ATL,2018-02-01,Billboard & radio,11916.49
ATL,2018-02-01,Sponsorships,11891.64
ATL,2018-03-01,TV,29629.16
ATL,2018-03-01,Digital,28539.87
ATL,2018-03-01,Billboard & radio,12264.51
ATL,2018-03-01,Sponsorships,12744.36
ATL,2018-04-01,TV,28669.93
ATL,2018-04-01,Digital,28473.27
ATL,2018-04-01,Billboard & radio,12666.09
ATL,2018-04-01,Sponsorships,12788.45
ATL,2018-05-01,TV,28662.66
ATL,2018-05-01,Digital,28991.38
ATL,2018-05-01,Billboard & radio,11891.27
ATL,2018-05-01,Sponsorships,11842.45
ATL,2018-06-01,TV,29985.46
ATL,2018-06-01,Digital,29517.39
ATL,2018-06-01,Billboard & radio,12656.72
ATL,2018-06-01,Sponsorships,12548.78
ATL,2018-07-01,TV,28941.71
ATL,2018-07-01,Digital,29880.44
ATL,2018-07-01,Billboard & radio,12953.6
ATL,2018-07-01,Sponsorships,12938.82
ATL,2018-08-01,TV,28729.5
ATL,2018-08-01,Digital,30877.47
ATL,2018-08-01,Billboard & radio,12516.36
ATL,2018-08-01,Sponsorships,12766.28
ATL,2018-09-01,TV,29282.26
ATL,2018-09-01,Digital,29231.62
ATL,2018-09-01,Billboard & radio,11919.75
ATL,2018-09-01,Sponsorships,12808.96
ATL,2018-10-01,TV,32982.89
ATL,2018-10-01,Digital,28333.89
ATL,2018-10-01,Billboard & radio,12418.93
ATL,2018-10-01,Sponsorships,12098.91
ATL,2018-11-01,TV,28170.42
ATL,2018-11-01,Digital,31104.8
ATL,2018-11-01,Billboard & radio,11958.6
ATL,2018-11-01,Sponsorships,12081.66
ATL,2018-12-01,TV,26583.06
ATL,2018-12-01,Digital,27781.2
ATL,2018-12-01,Billboard & radio,11317.93
ATL,2018-12-01,Sponsorships,12765.93
ATL,2019-01-01,TV,32917.06
ATL,2019-01-01,Digital,28345.61
ATL,2019-01-01,Billboard & radio,11343.69
ATL,2019-01-01,Sponsorships,12931.87
ATL,2019-02-01,TV,27825.5
ATL,2019-02-01,Digital,30750.93
ATL,2019-02-01,Billboard & radio,12200.49
ATL,2019-02-01,Sponsorships,11984.06
ATL,2019-03-01,TV,28618.07
ATL,2019-03-01,Digital,29969.04
ATL,2019-03-01,Billboard & radio,12234.28
ATL,2019-03-01,Sponsorships,12067.65
ATL,2019-04-01,TV,28587.94
ATL,2019-04-01,Digital,27038.76
ATL,2019-04-01,Billboard & radio,12620.66
ATL,2019-04-01,Sponsorships,11269.46
ATL,2019-05-01,TV,28233.8
ATL,2019-05-01,Digital,29971.36
ATL,2019-05-01,Billboard & radio,12562.51
ATL,2019-05-01,Sponsorships,12740.26
ATL,2019-06-01,TV,28781.09
ATL,2019-06-01,Digital,30563.82
ATL,2019-06-01,Billboard & radio,12947.16
ATL,2019-06-01,Sponsorships,12651.05
ATL,2019-07-01,TV,30214.14
ATL,2019-07-01,Digital,29958.42
ATL,2019-07-01,Billboard & radio,12103.08
ATL,2019-07-01,Sponsorships,11543.46
ATL,2019-08-01,TV,29481.9
ATL,2019-08-01,Digital,29663.42
ATL,2019-08-01,Billboard & radio,13049.73
ATL,2019-08-01,Sponsorships,11795.65
ATL,2019-09-01,TV,27566.34
ATL,2019-09-01,Digital,29538.98
ATL,2019-09-01,Billboard & radio,12330.97
ATL,2019-09-01,Sponsorships,11208.19
ATL,2019-10-01,TV,29416.56
ATL,2019-10-01,Digital,26200.56
ATL,2019-10-01,Billboard & radio,11790.12
ATL,2019-10-01,Sponsorships,13211.35
ATL,2019-11-01,TV,31509.67
ATL,2019-11-01,Digital,27119.9
ATL,2019-11-01,Billboard & radio,12171.19
ATL,2019-11-01,Sponsorships,12401.37
ATL,2019-12-01,TV,31446.65
ATL,2019-12-01,Digital,28163.42
ATL,2019-12-01,Billboard & radio,12079.93
ATL,2019-12-01,Sponsorships,13333.27
ATL,2020-01-01,TV,28333.9
ATL,2020-01-01,Digital,29917.68
ATL,2020-01-01,Billboard & radio,11461.02
ATL,2020-01-01,Sponsorships,12269.05
ATL,2020-02-01,TV,26478.96
ATL,2020-02-01,Digital,27351.22
ATL,2020-02-01,Billboard & radio,12894.26
ATL,2020-02-01,Sponsorships,12344.12
ATL,2020-03-01,TV,28414.29
ATL,2020-03-01,Digital,27793.99
ATL,2020-03-01,Billboard & radio,12238.47
ATL,2020-03-01,Sponsorships,12561.31
ATL,2020-04-01,TV,30294.09
ATL,2020-04-01,Digital,25084.94
ATL,2020-04-01,Billboard & radio,11860.35
ATL,2020-04-01,Sponsorships,12473.44
ATL,2020-05-01,TV,28732.27
ATL,2020-05-01,Digital,29457.37
ATL,2020-05-01,Billboard & radio,12540.54
ATL,2020-05-01,Sponsorships,12186.36
ATL,2020-06-01,TV,28114.36
ATL,2020-06-01,Digital,28520.56
ATL,2020-06-01,Billboard & radio,13085.78
ATL,2020-06-01,Sponsorships,11922.07
ATL,2020-07-01,TV,28784.32
ATL,2020-07-01,Digital,29139.7
ATL,2020-07-01,Billboard & radio,13340.47
ATL,2020-07-01,Sponsorships,12189.18
ATL,2020-08-01,TV,30259.28
ATL,2020-08-01,Digital,30653.67
ATL,2020-08-01,Billboard & radio,12335.55
ATL,2020-08-01,Sponsorships,12244.62
ATL,2020-09-01,TV,28399.93
ATL,2020-09-01,Digital,28505.66
ATL,2020-09-01,Billboard & radio,12903.56
ATL,2020-09-01,Sponsorships,12517.94
ATL,2020-10-01,TV,29214.7
ATL,2020-10-01,Digital,27250.46
ATL,2020-10-01,Billboard & radio,11776.37
ATL,2020-10-01,Sponsorships,13701.26
ATL,2020-11-01,TV,28618.26
ATL,2020-11-01,Digital,27756.42
ATL,2020-11-01,Billboard & radio,13260.49
ATL,2020-11-01,Sponsorships,12549.37
ATL,2020-12-01,TV,29709.71
ATL,2020-12-01,Digital,28675.69
ATL,2020-12-01,Billboard & radio,12177.82
ATL,2020-12-01,Sponsorships,12270.07
ATL,2021-01-01,TV,26878.67
ATL,2021-01-01,Digital,28748.05
ATL,2021-01-01,Billboard & radio,12558.17
ATL,2021-01-01,Sponsorships,13519.97
ATL,2021-02-01,TV,28999.16
ATL,2021-02-01,Digital,25505.03
ATL,2021-02-01,Billboard & radio,12316.85
ATL,2021-02-01,Sponsorships,14070.07
ATL,2021-03-01,TV,30125.82
ATL,2021-03-01,Digital,27704.28
ATL,2021-03-01,Billboard & radio,12740.75
ATL,2021-03-01,Sponsorships,11915.88
ATL,2021-04-01,TV,26920.44
ATL,2021-04-01,Digital,28372.04
ATL,2021-04-01,Billboard & radio,12431.63
ATL,2021-04-01,Sponsorships,11216.6
ATL,2021-05-01,TV,27215.9
ATL,2021-05-01,Digital,28889.92
ATL,2021-05-01,Billboard & radio,12122.44
ATL,2021-05-01,Sponsorships,12619.29
ATL,2021-06-01,TV,27121.32
ATL,2021-06-01,Digital,29906.0
ATL,2021-06-01,Billboard & radio,11642.55
ATL,2021-06-01,Sponsorships,13391.44
ATL,2021-07-01,TV,26397.87
ATL,2021-07-01,Digital,27297.62
ATL,2021-07-01,Billboard & radio,12633.25
ATL,2021-07-01,Sponsorships,13404.74
ATL,2021-08-01,TV,29329.84
ATL,2021-08-01,Digital,29687.63
ATL,2021-08-01,Billboard & radio,12385.85
ATL,2021-08-01,Sponsorships,11739.92
ATL,2021-09-01,TV,28167.36
ATL,2021-09-01,Digital,27125.31
ATL,2021-09-01,Billboard & radio,11583.8
ATL,2021-09-01,Sponsorships,12623.58
ATL,2021-10-01,TV,27253.41
ATL,2021-10-01,Digital,29336.36
ATL,2021-10-01,Billboard & radio,11569.5
ATL,2021-10-01,Sponsorships,12558.39
ATL,2021-11-01,TV,28169.46
ATL,2021-11-01,Digital,30905.8
ATL,2021-11-01,Billboard & radio,12575.3
ATL,2021-11-01,Sponsorships,13139.64
ATL,2021-12-01,TV,27784.04
ATL,2021-12-01,Digital,28956.06
ATL,2021-12-01,Billboard & radio,11767.95
ATL,2021-12-01,Sponsorships,12119.08
ATL,2022-01-01,TV,28496.59
ATL,2022-01-01,Digital,27827.04
ATL,2022-01-01,Billboard & radio,11622.91
ATL,2022-01-01,Sponsorships,11500.39
ATL,2022-02-01,TV,25496.99
ATL,2022-02-01,Digital,27349.9
ATL,2022-02-01,Billboard & radio,12763.26
ATL,2022-02-01,Sponsorships,11385.93
ATL,2022-03-01,TV,26899.77
ATL,2022-03-01,Digital,31460.61
ATL,2022-03-01,Billboard & radio,11981.17
ATL,2022-03-01,Sponsorships,12573.65
ATL,2022-04-01,TV,29802.35
ATL,2022-04-01,Digital,29831.52
ATL,2022-04-01,Billboard & radio,11433.07
ATL,2022-04-01,Sponsorships,12232.03
ATL,2022-05-01,TV,26538.68
ATL,2022-05-01,Digital,32406.87
ATL,2022-05-01,Billboard & radio,11388.17
ATL,2022-05-01,Sponsorships,11726.65
ATL,2022-06-01,TV,27372.63
ATL,2022-06-01,Digital,26714.2
ATL,2022-06-01,Billboard & radio,13211.92
ATL,2022-06-01,Sponsorships,13873.89
ATL,2022-07-01,TV,28188.14
ATL,2022-07-01,Digital,26968.64
ATL,2022-07-01,Billboard & radio,10990.9
ATL,2022-07-01,Sponsorships,12223.96
ATL,2022-08-01,TV,28418.25
ATL,2022-08-01,Digital,27934.69
ATL,2022-08-01,Billboard & radio,12511.98
ATL,2022-08-01,Sponsorships,12619.51
ATL,2022-09-01,TV,29341.45
ATL,2022-09-01,Digital,28418.59
ATL,2022-09-01,Billboard & radio,11693.37
ATL,2022-09-01,Sponsorships,12786.98
ATL,2022-10-01,TV,28893.07
ATL,2022-10-01,Digital,30157.57
ATL,2022-10-01,Billboard & radio,12863.86
ATL,2022-10-01,Sponsorships,11495.28
ATL,2022-11-01,TV,26804.34
ATL,2022-11-01,Digital,27784.19
ATL,2022-11-01,Billboard & radio,11721.44
ATL,2022-11-01,Sponsorships,12842.31
ATL,2022-12-01,TV,29382.2
ATL,2022-12-01,Digital,30461.95
ATL,2022-12-01,Billboard & radio,12620.33
ATL,2022-12-01,Sponsorships,12504.1
ATL,2023-01-01,TV,30607.11
ATL,2023-01-01,Digital,29553.17
ATL,2023-01-01,Billboard & radio,12417.14
ATL,2023-01-01,Sponsorships,13291.03
ATL,2023-02-01,TV,29041.29
ATL,2023-02-01,Digital,28435.61
ATL,2023-02-01,Billboard & radio,11856.6
ATL,2023-02-01,Sponsorships,12810.0
ATL,2023-03-01,TV,30660.99
ATL,2023-03-01,Digital,28801.96
ATL,2023-03-01,Billboard & radio,13184.27
ATL,2023-03-01,Sponsorships,11156.05
ATL,2023-04-01,TV,28794.94
ATL,2023-04-01,Digital,28817.11
ATL,2023-04-01,Billboard & radio,11925.17
ATL,2023-04-01,Sponsorships,13850.01
ATL,2023-05-01,TV,28779.43
ATL,2023-05-01,Digital,28286.34
ATL,2023-05-01,Billboard & radio,12391.06
ATL,2023-05-01,Sponsorships,11135.76
ATL,2023-06-01,TV,27777.94
ATL,2023-06-01,Digital,30294.55
ATL,2023-06-01,Billboard & radio,11985.84
ATL,2023-06-01,Sponsorships,11862.13
ATL,2023-07-01,TV,30765.63
ATL,2023-07-01,Digital,30809.99
ATL,2023-07-01,Billboard & radio,12694.89
ATL,2023-07-01,Sponsorships,12093.4
ATL,2023-08-01,TV,28529.26
ATL,2023-08-01,Digital,27714.01
ATL,2023-08-01,Billboard & radio,11759.48
ATL,2023-08-01,Sponsorships,11728.77
ATL,2023-09-01,TV,27982.68
ATL,2023-09-01,Digital,68631.12
ATL,2023-09-01,Billboard & radio,11407.46
ATL,2023-09-01,Sponsorships,12510.76
ATL,2023-10-01,TV,29213.7
ATL,2023-10-01,Digital,72580.52
ATL,2023-10-01,Billboard & radio,11961.47
ATL,2023-10-01,Sponsorships,12558.21
ATL,2023-11-01,TV,29326.48
ATL,2023-11-01,Digital,69758.52
ATL,2023-11-01,Billboard & radio,12835.56
ATL,2023-11-01,Sponsorships,12854.67
ATL,2023-12-01,TV,29347.7
ATL,2023-12-01,Digital,69755.92
ATL,2023-12-01,Billboard & radio,12153.78
ATL,2023-12-01,Sponsorships,11528.7
ATL,2024-01-01,TV,27711.46
ATL,2024-01-01,Digital,69226.98
ATL,2024-01-01,Billboard & radio,11679.54
ATL,2024-01-01,Sponsorships,12647.2
ATL,2024-02-01,TV,30602.63
ATL,2024-02-01,Digital,68813.98
ATL,2024-02-01,Billboard & radio,12550.38
ATL,2024-02-01,Sponsorships,11735.14
ATL,2024-03-01,TV,28434.77
ATL,2024-03-01,Digital,69128.34
ATL,2024-03-01,Billboard & radio,12747.42
ATL,2024-03-01,Sponsorships,11955.0
ATL,2024-04-01,TV,30335.58
ATL,2024-04-01,Digital,69770.24
ATL,2024-04-01,Billboard & radio,11973.06
ATL,2024-04-01,Sponsorships,11599.52
ATL,2024-05-01,TV,29240.56
ATL,2024-05-01,Digital,71417.47
ATL,2024-05-01,Billboard & radio,12544.12
ATL,2024-05-01,Sponsorships,13760.28
ATL,2024-06-01,TV,30939.26
ATL,2024-06-01,Digital,69681.01
ATL,2024-06-01,Billboard & radio,12178.22
ATL,2024-06-01,Sponsorships,12665.62
ATL,2024-07-01,TV,27665.11
ATL,2024-07-01,Digital,71808.83
ATL,2024-07-01,Billboard & radio,12598.74
ATL,2024-07-01,Sponsorships,12533.68
ATL,2024-08-01,TV,29866.79
ATL,2024-08-01,Digital,72612.34
ATL,2024-08-01,Billboard & radio,12480.78
ATL,2024-08-01,Sponsorships,12305.06
ATL,2024-09-01,TV,31053.21
ATL,2024-09-01,Digital,71521.9
ATL,2024-09-01,Billboard & radio,12176.39
ATL,2024-09-01,Sponsorships,12378.21
ATL,2024-10-01,TV,29157.08
ATL,2024-10-01,Digital,70647.37
ATL,2024-10-01,Billboard & radio,11535.6
ATL,2024-10-01,Sponsorships,11420.59
ATL,2024-11-01,TV,27593.83
ATL,2024-11-01,Digital,68732.16
ATL,2024-11-01,Billboard & radio,11976.63
ATL,2024-11-01,Sponsorships,12767.73
ATL,2024-12-01,TV,28631.11
ATL,2024-12-01,Digital,70408.54
ATL,2024-12-01,Billboard & radio,11617.46
ATL,2024-12-01,Sponsorships,12089.36
SAV,2013-01-01,TV,12159.35
SAV,2013-01-01,Digital,12163.89
SAV,2013-01-01,Billboard & radio,4879.09
SAV,2013-01-01,Sponsorships,5103.42
SAV,2013-02-01,TV,13111.19
SAV,2013-02-01,Digital,11802.11
SAV,2013-02-01,Billboard & radio,4887.04
SAV,2013-02-01,Sponsorships,5018.52
SAV,2013-03-01,TV,11866.94
SAV,2013-03-01,Digital,11723.22
SAV,2013-03-01,Billboard & radio,5054.56
SAV,2013-03-01,Sponsorships,4697.13
SAV,2013-04-01,TV,11243.95
SAV,2013-04-01,Digital,11724.3
SAV,2013-04-01,Billboard & radio,5020.67
SAV,2013-04-01,Sponsorships,4919.18
SAV,2013-05-01,TV,11707.95
SAV,2013-05-01,Digital,11848.54
SAV,2013-05-01,Billboard & radio,5287.63
SAV,2013-05-01,Sponsorships,5037.39
SAV,2013-06-01,TV,12048.22
SAV,2013-06-01,Digital,11492.62
SAV,2013-06-01,Billboard & radio,5207.31
SAV,2013-06-01,Sponsorships,5157.61
SAV,2013-07-01,TV,12323.87
SAV,2013-07-01,Digital,12233.89
SAV,2013-07-01,Billboard & radio,5211.52
SAV,2013-07-01,Sponsorships,5037.59
SAV,2013-08-01,TV,11957.17
SAV,2013-08-01,Digital,12440.63
SAV,2013-08-01,Billboard & radio,4897.44
SAV,2013-08-01,Sponsorships,4903.43
SAV,2013-09-01,TV,11919.66
SAV,2013-09-01,Digital,12057.77
SAV,2013-09-01,Billboard & radio,4853.9
SAV,2013-09-01,Sponsorships,5043.58
SAV,2013-10-01,TV,11756.98
SAV,2013-10-01,Digital,10504.1
SAV,2013-10-01,Billboard & radio,5006.92
SAV,2013-10-01,Sponsorships,5022.68
SAV,2013-11-01,TV,11717.83
SAV,2013-11-01,Digital,12648.77
SAV,2013-11-01,Billboard & radio,4754.75
SAV,2013-11-01,Sponsorships,4853.77
SAV,2013-12-01,TV,10269.67
SAV,2013-12-01,Digital,11528.46
SAV,2013-12-01,Billboard & radio,4962.35
SAV,2013-12-01,Sponsorships,4933.41
SAV,2014-01-01,TV,12466.72
SAV,2014-01-01,Digital,12320.8
SAV,2014-01-01,Billboard & radio,5082.21
SAV,2014-01-01,Sponsorships,4968.69
SAV,2014-02-01,TV,12418.59
SAV,2014-02-01,Digital,11800.83
SAV,2014-02-01,Billboard & radio,4855.38
SAV,2014-02-01,Sponsorships,4628.07
SAV,2014-03-01,TV,11551.85
SAV,2014-03-01,Digital,12258.21
SAV,2014-03-01,Billboard & radio,5638.75
SAV,2014-03-01,Sponsorships,5078.1
SAV,2014-04-01,TV,11360.46
SAV,2014-04-01,Digital,11112.63
SAV,2014-04-01,Billboard & radio,5202.21
SAV,2014-04-01,Sponsorships,4615.83
SAV,2014-05-01,TV,12137.55
SAV,2014-05-01,Digital,12295.46
SAV,2014-05-01,Billboard & radio,5172.93
SAV,2014-05-01,Sponsorships,5006.9
SAV,2014-06-01,TV,12146.17
SAV,2014-06-01,Digital,11913.46
SAV,2014-06-01,Billboard & radio,4865.54
SAV,2014-06-01,Sponsorships,5530.89
SAV,2014-07-01,TV,11604.79
SAV,2014-07-01,Digital,12270.68
SAV,2014-07-01,Billboard & radio,4450.29
SAV,2014-07-01,Sponsorships,5385.61
SAV,2014-08-01,TV,12679.99
SAV,2014-08-01,Digital,11830.12
SAV,2014-08-01,Billboard & radio,5203.94
SAV,2014-08-01,Sponsorships,5203.87
SAV,2014-09-01,TV,11432.86
SAV,2014-09-01,Digital,12135.64
SAV,2014-09-01,Billboard & radio,4857.82
SAV,2014-09-01,Sponsorships,4908.41
SAV,2014-10-01,TV,12478.1
SAV,2014-10-01,Digital,12388.16
SAV,2014-10-01,Billboard & radio,4883.7
SAV,2014-10-01,Sponsorships,4876.81
SAV,2014-11-01,TV,11431.19
SAV,2014-11-01,Digital,12245.22
SAV,2014-11-01,Billboard & radio,4809.38
SAV,2014-11-01,Sponsorships,5152.79
SAV,2014-12-01,TV,12253.61
SAV,2014-12-01,Digital,11760.38
SAV,2014-12-01,Billboard & radio,5318.17
SAV,2014-12-01,Sponsorships,4985.47
SAV,2015-01-01,TV,11686.19
SAV,2015-01-01,Digital,11235.31
SAV,2015-01-01,Billboard & radio,5319.97
SAV,2015-01-01,Sponsorships,4868.47
SAV,2015-02-01,TV,12019.08
SAV,2015-02-01,Digital,11770.38
SAV,2015-02-01,Billboard & radio,4796.01
SAV,2015-02-01,Sponsorships,4908.32
SAV,2015-03-01,TV,12629.26
SAV,2015-03-01,Digital,11931.6
SAV,2015-03-01,Billboard & radio,4807.06
SAV,2015-03-01,Sponsorships,5139.79
SAV,2015-04-01,TV,11726.2
SAV,2015-04-01,Digital,13852.55
SAV,2015-04-01,Billboard & radio,5134.67
SAV,2015-04-01,Sponsorships,4966.15
SAV,2015-05-01,TV,12651.2
SAV,2015-05-01,Digital,10725.14
SAV,2015-05-01,Billboard & radio,5086.37
SAV,2015-05-01,Sponsorships,5567.34
SAV,2015-06-01,TV,11743.87
SAV,2015-06-01,Digital,10788.77
SAV,2015-06-01,Billboard & radio,4962.28
SAV,2015-06-01,Sponsorships,5430.67
SAV,2015-07-01,TV,12034.62
SAV,2015-07-01,Digital,11317.05
SAV,2015-07-01,Billboard & radio,4889.05
SAV,2015-07-01,Sponsorships,4920.83
SAV,2015-08-01,TV,12025.83
SAV,2015-08-01,Digital,12602.87
SAV,2015-08-01,Billboard & radio,5328.89
SAV,2015-08-01,Sponsorships,5177.93
SAV,2015-09-01,TV,11026.0
SAV,2015-09-01,Digital,11028.19
SAV,2015-09-01,Billboard & radio,5197.48
SAV,2015-09-01,Sponsorships,4721.93
SAV,2015-10-01,TV,11679.27
SAV,2015-10-01,Digital,11992.14
SAV,2015-10-01,Billboard & radio,4774.55
SAV,2015-10-01,Sponsorships,4803.23
SAV,2015-11-01,TV,11756.91
SAV,2015-11-01,Digital,12109.97
SAV,2015-11-01,Billboard & radio,5331.2
SAV,2015-11-01,Sponsorships,5216.16
SAV,2015-12-01,TV,11856.0
SAV,2015-12-01,Digital,11371.78
SAV,2015-12-01,Billboard & radio,4791.43
SAV,2015-12-01,Sponsorships,4933.18
SAV,2016-01-01,TV,12054.62
SAV,2016-01-01,Digital,12011.32
SAV,2016-01-01,Billboard & radio,4530.96
SAV,2016-01-01,Sponsorships,4863.63
SAV,2016-02-01,TV,12523.91
SAV,2016-02-01,Digital,11859.29
SAV,2016-02-01,Billboard & radio,4703.82
SAV,2016-02-01,Sponsorships,5658.82
SAV,2016-03-01,TV,11795.41
SAV,2016-03-01,Digital,12039.5
SAV,2016-03-01,Billboard & radio,5163.63
SAV,2016-03-01,Sponsorships,4969.45
SAV,2016-04-01,TV,11382.78
SAV,2016-04-01,Digital,13065.61
SAV,2016-04-01,Billboard & radio,5316.44
SAV,2016-04-01,Sponsorships,5270.55
SAV,2016-05-01,TV,12152.87
SAV,2016-05-01,Digital,11219.92
SAV,2016-05-01,Billboard & radio,5385.87
SAV,2016-05-01,Sponsorships,4849.08
SAV,2016-06-01,TV,11979.82
SAV,2016-06-01,Digital,10844.24
SAV,2016-06-01,Billboard & radio,4545.91
SAV,2016-06-01,Sponsorships,5143.07
SAV,2016-07-01,TV,11334.63
SAV,2016-07-01,Digital,10637.65
SAV,2016-07-01,Billboard & radio,5199.34
SAV,2016-07-01,Sponsorships,5599.15
SAV,2016-08-01,TV,12633.21
SAV,2016-08-01,Digital,11660.52
SAV,2016-08-01,Billboard & radio,5064.74
SAV,2016-08-01,Sponsorships,5287.2
SAV,2016-09-01,TV,12475.26
SAV,2016-09-01,Digital,11609.6
SAV,2016-09-01,Billboard & radio,5071.15
SAV,2016-09-01,Sponsorships,5138.59
SAV,2016-10-01,TV,12139.63
SAV,2016-10-01,Digital,11733.9
SAV,2016-10-01,Billboard & radio,5032.1
SAV,2016-10-01,Sponsorships,5411.77
SAV,2016-11-01,TV,12526.87
SAV,2016-11-01,Digital,12094.47
SAV,2016-11-01,Billboard & radio,5497.65
SAV,2016-11-01,Sponsorships,4964.68
SAV,2016-12-01,TV,12771.07
SAV,2016-12-01,Digital,12132.92
SAV,2016-12-01,Billboard & radio,5890.48
SAV,2016-12-01,Sponsorships,4760.65
SAV,2017-01-01,TV,11405.36
SAV,2017-01-01,Digital,12059.85
SAV,2017-01-01,Billboard & radio,5163.05
SAV,2017-01-01,Sponsorships,5556.13
SAV,2017-02-01,TV,11417.74
SAV,2017-02-01,Digital,12346.97
SAV,2017-02-01,Billboard & radio,5356.75
SAV,2017-02-01,Sponsorships,5240.86
SAV,2017-03-01,TV,11244.91
SAV,2017-03-01,Digital,12643.96
SAV,2017-03-01,Billboard & radio,5373.67
SAV,2017-03-01,Sponsorships,5214.27
SAV,2017-04-01,TV,11933.19
SAV,2017-04-01,Digital,11946.05
SAV,2017-04-01,Billboard & radio,5042.57
SAV,2017-04-01,Sponsorships,5224.7
SAV,2017-05-01,TV,11830.89
SAV,2017-05-01,Digital,11311.34
SAV,2017-05-01,Billboard & radio,4797.08
SAV,2017-05-01,Sponsorships,4872.14
SAV,2017-06-01,TV,11943.7
SAV,2017-06-01,Digital,11796.58
SAV,2017-06-01,Billboard & radio,5117.01
SAV,2017-06-01,Sponsorships,5189.27
SAV,2017-07-01,TV,11441.99
SAV,2017-07-01,Digital,12678.16
SAV,2017-07-01,Billboard & radio,4994.74
SAV,2017-07-01,Sponsorships,4952.79
SAV,2017-08-01,TV,12097.41
SAV,2017-08-01,Digital,10727.81
SAV,2017-08-01,Billboard & radio,4862.4
SAV,2017-08-01,Sponsorships,5310.83
SAV,2017-09-01,TV,10786.34
SAV,2017-09-01,Digital,12472.57
SAV,2017-09-01,Billboard & radio,5445.01
SAV,2017-09-01,Sponsorships,4968.98
SAV,2017-10-01,TV,11984.85
SAV,2017-10-01,Digital,12473.46
SAV,2017-10-01,Billboard & radio,4944.34
SAV,2017-10-01,Sponsorships,5282.16
SAV,2017-11-01,TV,11416.1
SAV,2017-11-01,Digital,11530.42
SAV,2017-11-01,Billboard & radio,4860.17
SAV,2017-11-01,Sponsorships,5149.23
SAV,2017-12-01,TV,12496.43
SAV,2017-12-01,Digital,11703.76
SAV,2017-12-01,Billboard & radio,4740.72
SAV,2017-12-01,Sponsorships,4788.44
SAV,2018-01-01,TV,12045.56
SAV,2018-01-01,Digital,12901.68
SAV,2018-01-01,Billboard & radio,5162.16
SAV,2018-01-01,Sponsorships,4964.57
SAV,2018-02-01,TV,12265.03
SAV,2018-02-01,Digital,11671.05
SAV,2018-02-01,Billboard & radio,4966.75
SAV,2018-02-01,Sponsorships,4819.89
SAV,2018-03-01,TV,12644.37
SAV,2018-03-01,Digital,10312.78
SAV,2018-03-01,Billboard & radio,5264.46
SAV,2018-03-01,Sponsorships,4945.11
SAV,2018-04-01,TV,11570.14
SAV,2018-04-01,Digital,12812.02
SAV,2018-04-01,Billboard & radio,4881.74
SAV,2018-04-01,Sponsorships,4890.36
SAV,2018-05-01,TV,11735.49
SAV,2018-05-01,Digital,12056.93
SAV,2018-05-01,Billboard & radio,4950.66
SAV,2018-05-01,Sponsorships,4664.12
SAV,2018-06-01,TV,11301.2
SAV,2018-06-01,Digital,12569.29
SAV,2018-06-01,Billboard & radio,5081.43
SAV,2018-06-01,Sponsorships,5176.68
SAV,2018-07-01,TV,11658.1
SAV,2018-07-01,Digital,11422.98
SAV,2018-07-01,Billboard & radio,5487.13
SAV,2018-07-01,Sponsorships,5014.86
SAV,2018-08-01,TV,11550.63
SAV,2018-08-01,Digital,12459.91
SAV,2018-08-01,Billboard & radio,4879.65
SAV,2018-08-01,Sponsorships,4911.96
SAV,2018-09-01,TV,11818.55
SAV,2018-09-01,Digital,11812.66
SAV,2018-09-01,Billboard & radio,5128.21
SAV,2018-09-01,Sponsorships,5591.95
SAV,2018-10-01,TV,12011.1
SAV,2018-10-01,Digital,10407.96
SAV,2018-10-01,Billboard & radio,5145.09
SAV,2018-10-01,Sponsorships,5072.09
SAV,2018-11-01,TV,11838.16
SAV,2018-11-01,Digital,11957.76
SAV,2018-11-01,Billboard & radio,5055.24
SAV,2018-11-01,Sponsorships,5049.18
SAV,2018-12-01,TV,12174.58
SAV,2018-12-01,Digital,11492.33
SAV,2018-12-01,Billboard & radio,4822.62
SAV,2018-12-01,Sponsorships,5827.89
SAV,2019-01-01,TV,11389.7
SAV,2019-01-01,Digital,11871.65
SAV,2019-01-01,Billboard & radio,4683.91
SAV,2019-01-01,Sponsorships,5091.98
SAV,2019-02-01,TV,11261.31
SAV,2019-02-01,Digital,11551.16
SAV,2019-02-01,Billboard & radio,5327.03
SAV,2019-02-01,Sponsorships,5181.98
SAV,2019-03-01,TV,12148.22
SAV,2019-03-01,Digital,10766.38
SAV,2019-03-01,Billboard & radio,5527.46
SAV,2019-03-01,Sponsorships,4760.81
SAV,2019-04-01,TV,12715.31
SAV,2019-04-01,Digital,12415.85
SAV,2019-04-01,Billboard & radio,5208.64
SAV,2019-04-01,Sponsorships,4846.08
SAV,2019-05-01,TV,11902.03
SAV,2019-05-01,Digital,11534.36
SAV,2019-05-01,Billboard & radio,5069.85
SAV,2019-05-01,Sponsorships,4999.25
SAV,2019-06-01,TV,10608.45
SAV,2019-06-01,Digital,12475.05
SAV,2019-06-01,Billboard & radio,5041.97
SAV,2019-06-01,Sponsorships,4939.78
SAV,2019-07-01,TV,11481.56
SAV,2019-07-01,Digital,12024.22
SAV,2019-07-01,Billboard & radio,4836.27
SAV,2019-07-01,Sponsorships,4491.66
SAV,2019-08-01,TV,12052.96
SAV,2019-08-01,Digital,12119.1
SAV,2019-08-01,Billboard & radio,5011.97
SAV,2019-08-01,Sponsorships,4771.94
SAV,2019-09-01,TV,11865.03
SAV,2019-09-01,Digital,10947.51
SAV,2019-09-01,Billboard & radio,4802.48
SAV,2019-09-01,Sponsorships,4872.48
SAV,2019-10-01,TV,12310.95
SAV,2019-10-01,Digital,11598.33
SAV,2019-10-01,Billboard & radio,4949.13
SAV,2019-10-01,Sponsorships,5557.28
SAV,2019-11-01,TV,12020.67
SAV,2019-11-01,Digital,12012.72
SAV,2019-11-01,Billboard & radio,4968.92
SAV,2019-11-01,Sponsorships,4911.54
SAV,2019-12-01,TV,10521.15
SAV,2019-12-01,Digital,12384.66
SAV,2019-12-01,Billboard & radio,5175.98
SAV,2019-12-01,Sponsorships,5017.15
SAV,2020-01-01,TV,11731.45
SAV,2020-01-01,Digital,12247.29
SAV,2020-01-01,Billboard & radio,4668.96
SAV,2020-01-01,Sponsorships,4913.19
SAV,2020-02-01,TV,11141.37
SAV,2020-02-01,Digital,12858.8
SAV,2020-02-01,Billboard & radio,5284.15
SAV,2020-02-01,Sponsorships,4504.94
SAV,2020-03-01,TV,10918.43
SAV,2020-03-01,Digital,11734.33
SAV,2020-03-01,Billboard & radio,4942.91
SAV,2020-03-01,Sponsorships,4727.27
SAV,2020-04-01,TV,12961.13
SAV,2020-04-01,Digital,11997.09
SAV,2020-04-01,Billboard & radio,5182.69
SAV,2020-04-01,Sponsorships,4887.33
SAV,2020-05-01,TV,12239.09
SAV,2020-05-01,Digital,11587.81
SAV,2020-05-01,Billboard & radio,4990.78
SAV,2020-05-01,Sponsorships,5217.16
SAV,2020-06-01,TV,10850.37
SAV,2020-06-01,Digital,12755.74
SAV,2020-06-01,Billboard & radio,5108.67
SAV,2020-06-01,Sponsorships,5386.74
SAV,2020-07-01,TV,11177.33
SAV,2020-07-01,Digital,11267.26
SAV,2020-07-01,Billboard & radio,4768.39
SAV,2020-07-01,Sponsorships,5125.86
SAV,2020-08-01,TV,11851.47
SAV,2020-08-01,Digital,11538.21
SAV,2020-08-01,Billboard & radio,4805.81
SAV,2020-08-01,Sponsorships,4741.89
SAV,2020-09-01,TV,11783.86
SAV,2020-09-01,Digital,11537.51
SAV,2020-09-01,Billboard & radio,4888.96
SAV,2020-09-01,Sponsorships,5454.11
SAV,2020-10-01,TV,11763.88
SAV,2020-10-01,Digital,12562.62
SAV,2020-10-01,Billboard & radio,4927.52
SAV,2020-10-01,Sponsorships,5124.46
SAV,2020-11-01,TV,11779.73
SAV,2020-11-01,Digital,10809.84
SAV,2020-11-01,Billboard & radio,5424.05
SAV,2020-11-01,Sponsorships,5028.29
SAV,2020-12-01,TV,12253.35
SAV,2020-12-01,Digital,11368.33
SAV,2020-12-01,Billboard & radio,5020.77
SAV,2020-12-01,Sponsorships,4843.08
SAV,2021-01-01,TV,12542.51
SAV,2021-01-01,Digital,11996.43
SAV,2021-01-01,Billboard & radio,5155.41
SAV,2021-01-01,Sponsorships,5406.29
SAV,2021-02-01,TV,12495.46
SAV,2021-02-01,Digital,12264.53
SAV,2021-02-01,Billboard & radio,4702.63
SAV,2021-02-01,Sponsorships,4886.41
SAV,2021-03-01,TV,11219.58
SAV,2021-03-01,Digital,12242.2
SAV,2021-03-01,Billboard & radio,5105.7
SAV,2021-03-01,Sponsorships,4710.53
SAV,2021-04-01,TV,11701.02
SAV,2021-04-01,Digital,10930.04
SAV,2021-04-01,Billboard & radio,5049.04
SAV,2021-04-01,Sponsorships,4643.48
SAV,2021-05-01,TV,12124.84
SAV,2021-05-01,Digital,12035.73
SAV,2021-05-01,Billboard & radio,5545.45
SAV,2021-05-01,Sponsorships,5277.12
SAV,2021-06-01,TV,11562.72
SAV,2021-06-01,Digital,12295.67
SAV,2021-06-01,Billboard & radio,4708.72
SAV,2021-06-01,Sponsorships,4818.87
SAV,2021-07-01,TV,12009.26
SAV,2021-07-01,Digital,10537.78
SAV,2021-07-01,Billboard & radio,5053.09
SAV,2021-07-01,Sponsorships,4804.25
SAV,2021-08-01,TV,11872.33
SAV,2021-08-01,Digital,11175.96
SAV,2021-08-01,Billboard & radio,5169.89
SAV,2021-08-01,Sponsorships,5067.39
SAV,2021-09-01,TV,12639.59
SAV,2021-09-01,Digital,11816.48
SAV,2021-09-01,Billboard & radio,4867.94
SAV,2021-09-01,Sponsorships,5000.01
SAV,2021-10-01,TV,11018.56
SAV,2021-10-01,Digital,12052.37
SAV,2021-10-01,Billboard & radio,5211.81
SAV,2021-10-01,Sponsorships,5687.52
SAV,2021-11-01,TV,11445.23
SAV,2021-11-01,Digital,11654.33
SAV,2021-11-01,Billboard & radio,4916.76
SAV,2021-11-01,Sponsorships,5116.19
SAV,2021-12-01,TV,12037.94
SAV,2021-12-01,Digital,11780.98
SAV,2021-12-01,Billboard & radio,5337.48
SAV,2021-12-01,Sponsorships,4906.33
SAV,2022-01-01,TV,12394.96
SAV,2022-01-01,Digital,12130.55
SAV,2022-01-01,Billboard & radio,5059.45
SAV,2022-01-01,Sponsorships,4982.78
SAV,2022-02-01,TV,13245.75
SAV,2022-02-01,Digital,11329.95
SAV,2022-02-01,Billboard & radio,5137.91
SAV,2022-02-01,Sponsorships,4872.6
SAV,2022-03-01,TV,12867.13
SAV,2022-03-01,Digital,12336.28
SAV,2022-03-01,Billboard & radio,4890.79
SAV,2022-03-01,Sponsorships,5192.25
SAV,2022-04-01,TV,11964.7
SAV,2022-04-01,Digital,11507.37
SAV,2022-04-01,Billboard & radio,5254.41
SAV,2022-04-01,Sponsorships,5161.04
SAV,2022-05-01,TV,11939.9
SAV,2022-05-01,Digital,11787.74
SAV,2022-05-01,Billboard & radio,5171.61
SAV,2022-05-01,Sponsorships,5120.56
SAV,2022-06-01,TV,11847.4
SAV,2022-06-01,Digital,11433.9
SAV,2022-06-01,Billboard & radio,5491.23
SAV,2022-06-01,Sponsorships,4796.61
SAV,2022-07-01,TV,12065.07
SAV,2022-07-01,Digital,11623.36
SAV,2022-07-01,Billboard & radio,5507.89
SAV,2022-07-01,Sponsorships,4833.81
SAV,2022-08-01,TV,11378.24
SAV,2022-08-01,Digital,11239.7
SAV,2022-08-01,Billboard & radio,5144.38
SAV,2022-08-01,Sponsorships,4714.95
SAV,2022-09-01,TV,11529.87
SAV,2022-09-01,Digital,10541.26
SAV,2022-09-01,Billboard & radio,5123.36
SAV,2022-09-01,Sponsorships,4935.88
SAV,2022-10-01,TV,10933.62
SAV,2022-10-01,Digital,12453.69
SAV,2022-10-01,Billboard & radio,4731.5
SAV,2022-10-01,Sponsorships,5264.23
SAV,2022-11-01,TV,11398.45
SAV,2022-11-01,Digital,12758.43
SAV,2022-11-01,Billboard & radio,5252.23
SAV,2022-11-01,Sponsorships,4807.34
SAV,2022-12-01,TV,11270.85
SAV,2022-12-01,Digital,12170.14
SAV,2022-12-01,Billboard & radio,4996.09
SAV,2022-12-01,Sponsorships,5019.64
SAV,2023-01-01,TV,12563.92
SAV,2023-01-01,Digital,11370.31
SAV,2023-01-01,Billboard & radio,5085.61
SAV,2023-01-01,Sponsorships,5304.14
SAV,2023-02-01,TV,12290.39
SAV,2023-02-01,Digital,11718.23
SAV,2023-02-01,Billboard & radio,4989.37
SAV,2023-02-01,Sponsorships,4622.36
SAV,2023-03-01,TV,11188.66
SAV,2023-03-01,Digital,12000.53
SAV,2023-03-01,Billboard & radio,5027.6
SAV,2023-03-01,Sponsorships,5081.47
SAV,2023-04-01,TV,12426.31
SAV,2023-04-01,Digital,11111.24
SAV,2023-04-01,Billboard & radio,5002.72
SAV,2023-04-01,Sponsorships,5110.27
SAV,2023-05-01,TV,11396.61
SAV,2023-05-01,Digital,12657.97
SAV,2023-05-01,Billboard & radio,5292.49
SAV,2023-05-01,Sponsorships,5135.94
SAV,2023-06-01,TV,12872.22
SAV,2023-06-01,Digital,10927.21
SAV,2023-06-01,Billboard & radio,5060.54
SAV,2023-06-01,Sponsorships,5155.23
SAV,2023-07-01,TV,11272.34
SAV,2023-07-01,Digital,11990.11
SAV,2023-07-01,Billboard & radio,4782.4
SAV,2023-07-01,Sponsorships,5237.3
SAV,2023-08-01,TV,12437.28
SAV,2023-08-01,Digital,11973.35
SAV,2023-08-01,Billboard & radio,4593.51
SAV,2023-08-01,Sponsorships,4817.78
SAV,2023-09-01,TV,12146.03
SAV,2023-09-01,Digital,11825.02
SAV,2023-09-01,Billboard & radio,4380.58
SAV,2023-09-01,Sponsorships,5377.09
SAV,2023-10-01,TV,11893.21
SAV,2023-10-01,Digital,11328.73
SAV,2023-10-01,Billboard & radio,5314.35
SAV,2023-10-01,Sponsorships,4891.0
SAV,2023-11-01,TV,11405.88
SAV,2023-11-01,Digital,12024.15
SAV,2023-11-01,Billboard & radio,5513.33
SAV,2023-11-01,Sponsorships,5473.47
SAV,2023-12-01,TV,12024.95
SAV,2023-12-01,Digital,12085.6
SAV,2023-12-01,Billboard & radio,5262.85
SAV,2023-12-01,Sponsorships,4744.33
SAV,2024-01-01,TV,12192.95
SAV,2024-01-01,Digital,11378.94
SAV,2024-01-01,Billboard & radio,5143.11
SAV,2024-01-01,Sponsorships,5004.92
SAV,2024-02-01,TV,12108.53
SAV,2024-02-01,Digital,11882.25
SAV,2024-02-01,Billboard & radio,4284.64
SAV,2024-02-01,Sponsorships,5107.78
SAV,2024-03-01,TV,12191.77
SAV,2024-03-01,Digital,12075.88
SAV,2024-03-01,Billboard & radio,5036.53
SAV,2024-03-01,Sponsorships,5478.17
SAV,2024-04-01,TV,11996.4
SAV,2024-04-01,Digital,12071.0
SAV,2024-04-01,Billboard & radio,5326.89
SAV,2024-04-01,Sponsorships,5154.28
SAV,2024-05-01,TV,11282.11
SAV,2024-05-01,Digital,10372.36
SAV,2024-05-01,Billboard & radio,4941.73
SAV,2024-05-01,Sponsorships,5255.11
SAV,2024-06-01,TV,11603.95
SAV,2024-06-01,Digital,12285.7
SAV,2024-06-01,Billboard & radio,5100.15
SAV,2024-06-01,Sponsorships,5388.54
SAV,2024-07-01,TV,11638.14
SAV,2024-07-01,Digital,12088.69
SAV,2024-07-01,Billboard & radio,5190.55
SAV,2024-07-01,Sponsorships,5442.59
SAV,2024-08-01,TV,10804.52
SAV,2024-08-01,Digital,11541.75
SAV,2024-08-01,Billboard & radio,5277.28
SAV,2024-08-01,Sponsorships,5453.81
SAV,2024-09-01,TV,11954.29
SAV,2024-09-01,Digital,11639.62
SAV,2024-09-01,Billboard & radio,5254.15
SAV,2024-09-01,Sponsorships,5282.39
SAV,2024-10-01,TV,11600.07
SAV,2024-10-01,Digital,12007.59
SAV,2024-10-01,Billboard & radio,5361.32
SAV,2024-10-01,Sponsorships,5541.02
SAV,2024-11-01,TV,12251.1
SAV,2024-11-01,Digital,11838.57
SAV,2024-11-01,Billboard & radio,5048.81
SAV,2024-11-01,Sponsorships,5203.59
SAV,2024-12-01,TV,11744.18
SAV,2024-12-01,Digital,11924.51
SAV,2024-12-01,Billboard & radio,4794.73
SAV,2024-12-01,Sponsorships,5390.82
MIA,2013-01-01,TV,30941.88
MIA,2013-01-01,Digital,32103.57
MIA,2013-01-01,Billboard & radio,14131.12
MIA,2013-01-01,Sponsorships,15462.41
MIA,2013-02-01,TV,32119.04
MIA,2013-02-01,Digital,31719.82
MIA,2013-02-01,Billboard & radio,13675.21
MIA,2013-02-01,Sponsorships,15228.91
MIA,2013-03-01,TV,28198.49
MIA,2013-03-01,Digital,31167.38
MIA,2013-03-01,Billboard & radio,15982.94
MIA,2013-03-01,Sponsorships,14477.96
MIA,2013-04-01,TV,30997.99
MIA,2013-04-01,Digital,32743.73
MIA,2013-04-01,Billboard & radio,14109.93
MIA,2013-04-01,Sponsorships,14657.43
MIA,2013-05-01,TV,35830.43
MIA,2013-05-01,Digital,33449.97
MIA,2013-05-01,Billboard & radio,13682.96
MIA,2013-05-01,Sponsorships,14615.92
MIA,2013-06-01,TV,31666.93
MIA,2013-06-01,Digital,31117.18
MIA,2013-06-01,Billboard & radio,12825.06
MIA,2013-06-01,Sponsorships,12962.02
MIA,2013-07-01,TV,31341.77
MIA,2013-07-01,Digital,30880.19
MIA,2013-07-01,Billboard & radio,14282.74
MIA,2013-07-01,Sponsorships,13219.17
MIA,2013-08-01,TV,27654.92
MIA,2013-08-01,Digital,31099.83
MIA,2013-08-01,Billboard & radio,13730.72
MIA,2013-08-01,Sponsorships,13636.79
MIA,2013-09-01,TV,35305.47
MIA,2013-09-01,Digital,31805.91
MIA,2013-09-01,Billboard & radio,14681.9
MIA,2013-09-01,Sponsorships,14049.15
MIA,2013-10-01,TV,32743.09
MIA,2013-10-01,Digital,31441.95
MIA,2013-10-01,Billboard & radio,14021.17
MIA,2013-10-01,Sponsorships,13524.54
MIA,2013-11-01,TV,33091.45
MIA,2013-11-01,Digital,32424.9
MIA,2013-11-01,Billboard & radio,13398.31
MIA,2013-11-01,Sponsorships,14759.93
MIA,2013-12-01,TV,33512.79
MIA,2013-12-01,Digital,32077.4
MIA,2013-12-01,Billboard & radio,14164.8
MIA,2013-12-01,Sponsorships,14003.56
MIA,2014-01-01,TV,31389.11
MIA,2014-01-01,Digital,32928.16
MIA,2014-01-01,Billboard & radio,13625.85
MIA,2014-01-01,Sponsorships,13398.09
MIA,2014-02-01,TV,30150.15
MIA,2014-02-01,Digital,32224.16
MIA,2014-02-01,Billboard & radio,14461.15
MIA,2014-02-01,Sponsorships,13574.07
MIA,2014-03-01,TV,36948.04
MIA,2014-03-01,Digital,34265.58
MIA,2014-03-01,Billboard & radio,14979.61
MIA,2014-03-01,Sponsorships,14621.66
MIA,2014-04-01,TV,35852.36
MIA,2014-04-01,Digital,31521.32
MIA,2014-04-01,Billboard & radio,12261.98
MIA,2014-04-01,Sponsorships,13748.82
MIA,2014-05-01,TV,33728.33
MIA,2014-05-01,Digital,33061.08
MIA,2014-05-01,Billboard & radio,14256.19
MIA,2014-05-01,Sponsorships,14991.26
MIA,2014-06-01,TV,33439.31
MIA,2014-06-01,Digital,34123.22
MIA,2014-06-01,Billboard & radio,13401.87
MIA,2014-06-01,Sponsorships,13292.3
MIA,2014-07-01,TV,35460.66
MIA,2014-07-01,Digital,32978.04
MIA,2014-07-01,Billboard & radio,13624.29
MIA,2014-07-01,Sponsorships,13625.58
MIA,2014-08-01,TV,31747.53
MIA,2014-08-01,Digital,31649.36
MIA,2014-08-01,Billboard & radio,13160.29
MIA,2014-08-01,Sponsorships,13007.52
MIA,2014-09-01,TV,32492.57
MIA,2014-09-01,Digital,31839.73
MIA,2014-09-01,Billboard & radio,14840.97
MIA,2014-09-01,Sponsorships,14268.57
MIA,2014-10-01,TV,33247.79
MIA,2014-10-01,Digital,31593.32
MIA,2014-10-01,Billboard & radio,13977.4
MIA,2014-10-01,Sponsorships,14316.33
MIA,2014-11-01,TV,33987.51
MIA,2014-11-01,Digital,32658.46
MIA,2014-11-01,Billboard & radio,14821.26
MIA,2014-11-01,Sponsorships,14068.12
MIA,2014-12-01,TV,34113.26
MIA,2014-12-01,Digital,32008.84
MIA,2014-12-01,Billboard & radio,12788.02
MIA,2014-12-01,Sponsorships,14251.19
MIA,2015-01-01,TV,34002.48
MIA,2015-01-01,Digital,33756.43
MIA,2015-01-01,Billboard & radio,14359.35
MIA,2015-01-01,Sponsorships,13817.4
MIA,2015-02-01,TV,31488.93
MIA,2015-02-01,Digital,33717.68
MIA,2015-02-01,Billboard & radio,14362.35
MIA,2015-02-01,Sponsorships,13668.12
MIA,2015-03-01,TV,34632.65
MIA,2015-03-01,Digital,31364.05
MIA,2015-03-01,Billboard & radio,13652.21
MIA,2015-03-01,Sponsorships,15213.11
MIA,2015-04-01,TV,34237.52
MIA,2015-04-01,Digital,32225.14
MIA,2015-04-01,Billboard & radio,14264.56
MIA,2015-04-01,Sponsorships,14171.34
MIA,2015-05-01,TV,28307.98
MIA,2015-05-01,Digital,31325.32
MIA,2015-05-01,Billboard & radio,14026.75
MIA,2015-05-01,Sponsorships,13811.76
MIA,2015-06-01,TV,33217.9
MIA,2015-06-01,Digital,34665.56
MIA,2015-06-01,Billboard & radio,13836.42
MIA,2015-06-01,Sponsorships,13318.84
MIA,2015-07-01,TV,33345.46
MIA,2015-07-01,Digital,32276.63
MIA,2015-07-01,Billboard & radio,13952.77
MIA,2015-07-01,Sponsorships,13857.35
MIA,2015-08-01,TV,36490.52
MIA,2015-08-01,Digital,29136.34
MIA,2015-08-01,Billboard & radio,13789.45
MIA,2015-08-01,Sponsorships,14059.91
MIA,2015-09-01,TV,31530.94
MIA,2015-09-01,Digital,34288.78
MIA,2015-09-01,Billboard & radio,14634.32
MIA,2015-09-01,Sponsorships,14028.92
MIA,2015-10-01,TV,32368.43
MIA,2015-10-01,Digital,32628.82
MIA,2015-10-01,Billboard & radio,13988.82
MIA,2015-10-01,Sponsorships,14007.39
MIA,2015-11-01,TV,32504.06
MIA,2015-11-01,Digital,33226.67
MIA,2015-11-01,Billboard & radio,14592.1
MIA,2015-11-01,Sponsorships,13197.47
MIA,2015-12-01,TV,31088.75
MIA,2015-12-01,Digital,29943.84
MIA,2015-12-01,Billboard & radio,14671.69
MIA,2015-12-01,Sponsorships,14238.51
MIA,2016-01-01,TV,33641.45
MIA,2016-01-01,Digital,30467.23
MIA,2016-01-01,Billboard & radio,15317.54
MIA,2016-01-01,Sponsorships,13634.4
MIA,2016-02-01,TV,33088.46
MIA,2016-02-01,Digital,34214.22
MIA,2016-02-01,Billboard & radio,13368.53
MIA,2016-02-01,Sponsorships,13678.37
MIA,2016-03-01,TV,33106.45
MIA,2016-03-01,Digital,37500.54
MIA,2016-03-01,Billboard & radio,14274.23
MIA,2016-03-01,Sponsorships,15191.97
MIA,2016-04-01,TV,34790.56
MIA,2016-04-01,Digital,33416.27
MIA,2016-04-01,Billboard & radio,13366.97
MIA,2016-04-01,Sponsorships,14807.64
MIA,2016-05-01,TV,30354.66
MIA,2016-05-01,Digital,35438.94
MIA,2016-05-01,Billboard & radio,14203.13
MIA,2016-05-01,Sponsorships,12199.06
MIA,2016-06-01,TV,32253.86
MIA,2016-06-01,Digital,33885.38
MIA,2016-06-01,Billboard & radio,13895.84
MIA,2016-06-01,Sponsorships,14565.24
MIA,2016-07-01,TV,31417.93
MIA,2016-07-01,Digital,30669.87
MIA,2016-07-01,Billboard & radio,14012.26
MIA,2016-07-01,Sponsorships,14084.69
MIA,2016-08-01,TV,32240.93
MIA,2016-08-01,Digital,34826.02
MIA,2016-08-01,Billboard & radio,13464.7
MIA,2016-08-01,Sponsorships,14282.69
MIA,2016-09-01,TV,32924.01
MIA,2016-09-01,Digital,30258.51
MIA,2016-09-01,Billboard & radio,13135.06
MIA,2016-09-01,Sponsorships,14070.87
MIA,2016-10-01,TV,36062.91
MIA,2016-10-01,Digital,33762.86
MIA,2016-10-01,Billboard & radio,12849.16
MIA,2016-10-01,Sponsorships,11875.44
MIA,2016-11-01,TV,34015.17
MIA,2016-11-01,Digital,32654.65
MIA,2016-11-01,Billboard & radio,14864.95
MIA,2016-11-01,Sponsorships,13443.25
MIA,2016-12-01,TV,33387.07
MIA,2016-12-01,Digital,34200.75
MIA,2016-12-01,Billboard & radio,13747.88
MIA,2016-12-01,Sponsorships,13762.91
MIA,2017-01-01,TV,32853.95
MIA,2017-01-01,Digital,33702.83
MIA,2017-01-01,Billboard & radio,14052.42
MIA,2017-01-01,Sponsorships,14747.34
MIA,2017-02-01,TV,32054.64
MIA,2017-02-01,Digital,30633.1
MIA,2017-02-01,Billboard & radio,15452.56
MIA,2017-02-01,Sponsorships,13637.37
MIA,2017-03-01,TV,31879.9
MIA,2017-03-01,Digital,32704.54
MIA,2017-03-01,Billboard & radio,14109.74
MIA,2017-03-01,Sponsorships,13790.61
MIA,2017-04-01,TV,32783.9
MIA,2017-04-01,Digital,32747.27
MIA,2017-04-01,Billboard & radio,14185.42
MIA,2017-04-01,Sponsorships,12404.89
MIA,2017-05-01,TV,35898.31
MIA,2017-05-01,Digital,32570.86
MIA,2017-05-01,Billboard & radio,14470.75
MIA,2017-05-01,Sponsorships,13093.52
MIA,2017-06-01,TV,32039.77
MIA,2017-06-01,Digital,31709.48
MIA,2017-06-01,Billboard & radio,15095.9
MIA,2017-06-01,Sponsorships,13650.6
MIA,2017-07-01,TV,34056.22
MIA,2017-07-01,Digital,31745.4
MIA,2017-07-01,Billboard & radio,13744.25
MIA,2017-07-01,Sponsorships,13889.85
MIA,2017-08-01,TV,34918.81
MIA,2017-08-01,Digital,29711.96
MIA,2017-08-01,Billboard & radio,13137.42
MIA,2017-08-01,Sponsorships,12693.3
MIA,2017-09-01,TV,31028.32
MIA,2017-09-01,Digital,31480.97
MIA,2017-09-01,Billboard & radio,12927.32
MIA,2017-09-01,Sponsorships,13546.3
MIA,2017-10-01,TV,29507.11
MIA,2017-10-01,Digital,31142.36
MIA,2017-10-01,Billboard & radio,14906.55
MIA,2017-10-01,Sponsorships,14346.27
MIA,2017-11-01,TV,33120.06
MIA,2017-11-01,Digital,31167.32
MIA,2017-11-01,Billboard & radio,12982.44
MIA,2017-11-01,Sponsorships,13261.53
MIA,2017-12-01,TV,32741.61
MIA,2017-12-01,Digital,34236.85
MIA,2017-12-01,Billboard & radio,14696.98
MIA,2017-12-01,Sponsorships,14505.9
MIA,2018-01-01,TV,31602.45
MIA,2018-01-01,Digital,32852.78
MIA,2018-01-01,Billboard & radio,13836.56
MIA,2018-01-01,Sponsorships,13921.04
MIA,2018-02-01,TV,36154.66
MIA,2018-02-01,Digital,29921.72
MIA,2018-02-01,Billboard & radio,13897.49
MIA,2018-02-01,Sponsorships,14914.51
MIA,2018-03-01,TV,30407.52
MIA,2018-03-01,Digital,31756.35
MIA,2018-03-01,Billboard & radio,13690.52
MIA,2018-03-01,Sponsorships,13905.5
MIA,2018-04-01,TV,30194.13
MIA,2018-04-01,Digital,33789.14
MIA,2018-04-01,Billboard & radio,14530.98
MIA,2018-04-01,Sponsorships,14419.95
MIA,2018-05-01,TV,31384.54
MIA,2018-05-01,Digital,32954.43
MIA,2018-05-01,Billboard & radio,13430.08
MIA,2018-05-01,Sponsorships,13828.64
MIA,2018-06-01,TV,36345.53
MIA,2018-06-01,Digital,32969.5
MIA,2018-06-01,Billboard & radio,13227.52
MIA,2018-06-01,Sponsorships,14189.3
MIA,2018-07-01,TV,30594.71
MIA,2018-07-01,Digital,30845.37
MIA,2018-07-01,Billboard & radio,13330.46
MIA,2018-07-01,Sponsorships,13750.09
MIA,2018-08-01,TV,34349.71
MIA,2018-08-01,Digital,33761.43
MIA,2018-08-01,Billboard & radio,14430.23
MIA,2018-08-01,Sponsorships,13289.82
MIA,2018-09-01,TV,31924.41
MIA,2018-09-01,Digital,33258.75
MIA,2018-09-01,Billboard & radio,13620.71
MIA,2018-09-01,Sponsorships,13866.77
MIA,2018-10-01,TV,33536.6
MIA,2018-10-01,Digital,32240.29
MIA,2018-10-01,Billboard & radio,14221.45
MIA,2018-10-01,Sponsorships,15182.39
MIA,2018-11-01,TV,32530.54
MIA,2018-11-01,Digital,34747.35
MIA,2018-11-01,Billboard & radio,14455.81
MIA,2018-11-01,Sponsorships,13030.85
MIA,2018-12-01,TV,31004.31
MIA,2018-12-01,Digital,31444.88
MIA,2018-12-01,Billboard & radio,13461.44
MIA,2018-12-01,Sponsorships,13999.02
MIA,2019-01-01,TV,33820.9
MIA,2019-01-01,Digital,34871.74
MIA,2019-01-01,Billboard & radio,14279.19
MIA,2019-01-01,Sponsorships,13749.13
MIA,2019-02-01,TV,29396.32
MIA,2019-02-01,Digital,32928.31
MIA,2019-02-01,Billboard & radio,14080.62
MIA,2019-02-01,Sponsorships,14191.12
MIA,2019-03-01,TV,36268.05
MIA,2019-03-01,Digital,34847.85
MIA,2019-03-01,Billboard & radio,14614.5
MIA,2019-03-01,Sponsorships,13386.04
MIA,2019-04-01,TV,31970.87
MIA,2019-04-01,Digital,32656.9
MIA,2019-04-01,Billboard & radio,13517.29
MIA,2019-04-01,Sponsorships,14414.39
MIA,2019-05-01,TV,33398.05
MIA,2019-05-01,Digital,31027.0
MIA,2019-05-01,Billboard & radio,14904.01
MIA,2019-05-01,Sponsorships,14134.44
MIA,2019-06-01,TV,29975.74
MIA,2019-06-01,Digital,32728.27
MIA,2019-06-01,Billboard & radio,14260.22
MIA,2019-06-01,Sponsorships,14746.49
MIA,2019-07-01,TV,32258.83
MIA,2019-07-01,Digital,34170.84
MIA,2019-07-01,Billboard & radio,14194.08
MIA,2019-07-01,Sponsorships,13137.85
MIA,2019-08-01,TV,30490.74
MIA,2019-08-01,Digital,34654.2
MIA,2019-08-01,Billboard & radio,14903.43
MIA,2019-08-01,Sponsorships,14289.55
MIA,2019-09-01,TV,35266.39
MIA,2019-09-01,Digital,34546.0
MIA,2019-09-01,Billboard & radio,14543.18
MIA,2019-09-01,Sponsorships,13421.73
MIA,2019-10-01,TV,35653.13
MIA,2019-10-01,Digital,33692.37
MIA,2019-10-01,Billboard & radio,13791.21
MIA,2019-10-01,Sponsorships,13592.62
MIA,2019-11-01,TV,33233.79
MIA,2019-11-01,Digital,30070.92
MIA,2019-11-01,Billboard & radio,14554.46
MIA,2019-11-01,Sponsorships,13392.02
MIA,2019-12-01,TV,33420.53
MIA,2019-12-01,Digital,31956.72
MIA,2019-12-01,Billboard & radio,13876.58
MIA,2019-12-01,Sponsorships,13530.3
MIA,2020-01-01,TV,32547.98
MIA,2020-01-01,Digital,35912.26
MIA,2020-01-01,Billboard & radio,15036.37
MIA,2020-01-01,Sponsorships,14311.74
MIA,2020-02-01,TV,32771.0
MIA,2020-02-01,Digital,34197.52
MIA,2020-02-01,Billboard & radio,14857.01
MIA,2020-02-01,Sponsorships,13479.03
MIA,2020-03-01,TV,32685.45
MIA,2020-03-01,Digital,29823.35
MIA,2020-03-01,Billboard & radio,14852.18
MIA,2020-03-01,Sponsorships,15514.47
MIA,2020-04-01,TV,32943.89
MIA,2020-04-01,Digital,29326.16
MIA,2020-04-01,Billboard & radio,14490.63
MIA,2020-04-01,Sponsorships,13426.81
MIA,2020-05-01,TV,31724.19
MIA,2020-05-01,Digital,33840.48
MIA,2020-05-01,Billboard & radio,14241.48
MIA,2020-05-01,Sponsorships,13719.3
MIA,2020-06-01,TV,31746.74
MIA,2020-06-01,Digital,33018.95
MIA,2020-06-01,Billboard & radio,13774.59
MIA,2020-06-01,Sponsorships,13282.57
MIA,2020-07-01,TV,32266.89
MIA,2020-07-01,Digital,33369.64
MIA,2020-07-01,Billboard & radio,13937.27
MIA,2020-07-01,Sponsorships,13068.63
MIA,2020-08-01,TV,34435.18
MIA,2020-08-01,Digital,28319.14
MIA,2020-08-01,Billboard & radio,13748.65
MIA,2020-08-01,Sponsorships,13626.42
MIA,2020-09-01,TV,33055.61
MIA,2020-09-01,Digital,33733.98
MIA,2020-09-01,Billboard & radio,14854.76
MIA,2020-09-01,Sponsorships,13561.59
MIA,2020-10-01,TV,33774.86
MIA,2020-10-01,Digital,33133.76
MIA,2020-10-01,Billboard & radio,12859.07
MIA,2020-10-01,Sponsorships,15398.82
MIA,2020-11-01,TV,30452.01
MIA,2020-11-01,Digital,33500.74
MIA,2020-11-01,Billboard & radio,14336.69
MIA,2020-11-01,Sponsorships,14256.31
MIA,2020-12-01,TV,32001.08
MIA,2020-12-01,Digital,34169.71
MIA,2020-12-01,Billboard & radio,12965.37
MIA,2020-12-01,Sponsorships,14016.21
MIA,2021-01-01,TV,31887.39
MIA,2021-01-01,Digital,31701.31
MIA,2021-01-01,Billboard & radio,14363.96
MIA,2021-01-01,Sponsorships,14820.1
MIA,2021-02-01,TV,32249.35
MIA,2021-02-01,Digital,34093.3
MIA,2021-02-01,Billboard & radio,14097.47
MIA,2021-02-01,Sponsorships,13434.8
MIA,2021-03-01,TV,32389.3
MIA,2021-03-01,Digital,32321.16
MIA,2021-03-01,Billboard & radio,13572.66
MIA,2021-03-01,Sponsorships,14363.78
MIA,2021-04-01,TV,33197.47
MIA,2021-04-01,Digital,30202.84
MIA,2021-04-01,Billboard & radio,12901.27
MIA,2021-04-01,Sponsorships,14361.11
MIA,2021-05-01,TV,31474.92
MIA,2021-05-01,Digital,33308.04
MIA,2021-05-01,Billboard & radio,14611.59
MIA,2021-05-01,Sponsorships,13168.86
MIA,2021-06-01,TV,30496.7
MIA,2021-06-01,Digital,35559.61
MIA,2021-06-01,Billboard & radio,14309.7
MIA,2021-06-01,Sponsorships,13767.72
MIA,2021-07-01,TV,31280.25
MIA,2021-07-01,Digital,31975.06
MIA,2021-07-01,Billboard & radio,13225.38
MIA,2021-07-01,Sponsorships,14683.65
MIA,2021-08-01,TV,31538.14
MIA,2021-08-01,Digital,34606.58
MIA,2021-08-01,Billboard & radio,13780.81
MIA,2021-08-01,Sponsorships,13328.89
MIA,2021-09-01,TV,32113.1
MIA,2021-09-01,Digital,28507.23
MIA,2021-09-01,Billboard & radio,13977.58
MIA,2021-09-01,Sponsorships,13942.88
MIA,2021-10-01,TV,34165.59
MIA,2021-10-01,Digital,29717.78
MIA,2021-10-01,Billboard & radio,14879.44
MIA,2021-10-01,Sponsorships,14639.48
MIA,2021-11-01,TV,34866.63
MIA,2021-11-01,Digital,32726.0
MIA,2021-11-01,Billboard & radio,14775.4
MIA,2021-11-01,Sponsorships,13028.03
MIA,2021-12-01,TV,33982.34
MIA,2021-12-01,Digital,31547.31
MIA,2021-12-01,Billboard & radio,12901.36
MIA,2021-12-01,Sponsorships,13272.09
MIA,2022-01-01,TV,32821.57
MIA,2022-01-01,Digital,31460.13
MIA,2022-01-01,Billboard & radio,14326.93
MIA,2022-01-01,Sponsorships,12791.08
MIA,2022-02-01,TV,29322.73
MIA,2022-02-01,Digital,35064.07
MIA,2022-02-01,Billboard & radio,14697.98
MIA,2022-02-01,Sponsorships,13324.71
MIA,2022-03-01,TV,32807.58
MIA,2022-03-01,Digital,34485.13
MIA,2022-03-01,Billboard & radio,14357.25
MIA,2022-03-01,Sponsorships,14166.72
MIA,2022-04-01,TV,34609.24
MIA,2022-04-01,Digital,31613.67
MIA,2022-04-01,Billboard & radio,14084.42
MIA,2022-04-01,Sponsorships,14049.95
MIA,2022-05-01,TV,32365.0
MIA,2022-05-01,Digital,32172.98
MIA,2022-05-01,Billboard & radio,14113.74
MIA,2022-05-01,Sponsorships,14086.69
MIA,2022-06-01,TV,31092.42
MIA,2022-06-01,Digital,34127.95
MIA,2022-06-01,Billboard & radio,13375.98
MIA,2022-06-01,Sponsorships,13909.05
MIA,2022-07-01,TV,32328.06
MIA,2022-07-01,Digital,33400.01
MIA,2022-07-01,Billboard & radio,12572.51
MIA,2022-07-01,Sponsorships,14688.92
MIA,2022-08-01,TV,31701.81
MIA,2022-08-01,Digital,34814.0
MIA,2022-08-01,Billboard & radio,13726.29
MIA,2022-08-01,Sponsorships,14028.16
MIA,2022-09-01,TV,35952.31
MIA,2022-09-01,Digital,32357.49
MIA,2022-09-01,Billboard & radio,14933.57
MIA,2022-09-01,Sponsorships,14089.95
MIA,2022-10-01,TV,33494.05
MIA,2022-10-01,Digital,32927.28
MIA,2022-10-01,Billboard & radio,14658.65
MIA,2022-10-01,Sponsorships,13580.49
MIA,2022-11-01,TV,31198.05
MIA,2022-11-01,Digital,31764.84
MIA,2022-11-01,Billboard & radio,14132.61
MIA,2022-11-01,Sponsorships,13907.24
MIA,2022-12-01,TV,33977.79
MIA,2022-12-01,Digital,34953.08
MIA,2022-12-01,Billboard & radio,13376.36
MIA,2022-12-01,Sponsorships,13546.44
MIA,2023-01-01,TV,30456.17
MIA,2023-01-01,Digital,36143.58
MIA,2023-01-01,Billboard & radio,14276.72
MIA,2023-01-01,Sponsorships,14399.86
MIA,2023-02-01,TV,30613.72
MIA,2023-02-01,Digital,32810.58
MIA,2023-02-01,Billboard & radio,14420.56
MIA,2023-02-01,Sponsorships,13884.78
MIA,2023-03-01,TV,34577.33
MIA,2023-03-01,Digital,36605.35
MIA,2023-03-01,Billboard & radio,13396.6
MIA,2023-03-01,Sponsorships,13343.84
MIA,2023-04-01,TV,31372.43
MIA,2023-04-01,Digital,35447.67
MIA,2023-04-01,Billboard & radio,14795.41
MIA,2023-04-01,Sponsorships,13967.21
MIA,2023-05-01,TV,32872.48
MIA,2023-05-01,Digital,31472.86
MIA,2023-05-01,Billboard & radio,14688.3
MIA,2023-05-01,Sponsorships,13795.38
MIA,2023-06-01,TV,32385.81
MIA,2023-06-01,Digital,33811.3
MIA,2023-06-01,Billboard & radio,13930.32
MIA,2023-06-01,Sponsorships,13897.29
MIA,2023-07-01,TV,32829.85
MIA,2023-07-01,Digital,34117.38
MIA,2023-07-01,Billboard & radio,15220.19
MIA,2023-07-01,Sponsorships,14474.17
MIA,2023-08-01,TV,34130.44
MIA,2023-08-01,Digital,32484.61
MIA,2023-08-01,Billboard & radio,13564.83
MIA,2023-08-01,Sponsorships,14522.33
MIA,2023-09-01,TV,33093.44
MIA,2023-09-01,Digital,30478.5
MIA,2023-09-01,Billboard & radio,13831.83
MIA,2023-09-01,Sponsorships,14004.21
MIA,2023-10-01,TV,31975.03
MIA,2023-10-01,Digital,35243.47
MIA,2023-10-01,Billboard & radio,14399.89
MIA,2023-10-01,Sponsorships,15028.01
MIA,2023-11-01,TV,33244.68
MIA,2023-11-01,Digital,32946.03
MIA,2023-11-01,Billboard & radio,13403.95
MIA,2023-11-01,Sponsorships,14070.89
MIA,2023-12-01,TV,32833.92
MIA,2023-12-01,Digital,30569.58
MIA,2023-12-01,Billboard & radio,13683.14
MIA,2023-12-01,Sponsorships,13835.19
MIA,2024-01-01,TV,33490.86
MIA,2024-01-01,Digital,33569.4
MIA,2024-01-01,Billboard & radio,13653.76
MIA,2024-01-01,Sponsorships,14392.17
MIA,2024-02-01,TV,32513.78
MIA,2024-02-01,Digital,28104.53
MIA,2024-02-01,Billboard & radio,13721.69
MIA,2024-02-01,Sponsorships,14821.16
MIA,2024-03-01,TV,30053.29
MIA,2024-03-01,Digital,32997.38
MIA,2024-03-01,Billboard & radio,15177.14
MIA,2024-03-01,Sponsorships,13527.69
MIA,2024-04-01,TV,32816.03
MIA,2024-04-01,Digital,30673.1
MIA,2024-04-01,Billboard & radio,15206.65
MIA,2024-04-01,Sponsorships,14003.91
MIA,2024-05-01,TV,32889.0
MIA,2024-05-01,Digital,35034.4
MIA,2024-05-01,Billboard & radio,14527.6
MIA,2024-05-01,Sponsorships,13446.82
MIA,2024-06-01,TV,31750.56
MIA,2024-06-01,Digital,33624.5
MIA,2024-06-01,Billboard & radio,13623.66
MIA,2024-06-01,Sponsorships,12573.81
MIA,2024-07-01,TV,32725.15
MIA,2024-07-01,Digital,30384.03
MIA,2024-07-01,Billboard & radio,15198.95
MIA,2024-07-01,Sponsorships,14186.8
MIA,2024-08-01,TV,31327.45
MIA,2024-08-01,Digital,31666.31
MIA,2024-08-01,Billboard & radio,12734.02
MIA,2024-08-01,Sponsorships,13289.44
MIA,2024-09-01,TV,34479.91
MIA,2024-09-01,Digital,36474.02
MIA,2024-09-01,Billboard & radio,14573.25
MIA,2024-09-01,Sponsorships,13997.78
MIA,2024-10-01,TV,32103.82
MIA,2024-10-01,Digital,31243.25
MIA,2024-10-01,Billboard & radio,15510.77
MIA,2024-10-01,Sponsorships,13929.79
MIA,2024-11-01,TV,36283.46
MIA,2024-11-01,Digital,35098.74
MIA,2024-11-01,Billboard & radio,12838.5
MIA,2024-11-01,Sponsorships,13594.25
MIA,2024-12-01,TV,31714.85
MIA,2024-12-01,Digital,32681.5
MIA,2024-12-01,Billboard & radio,14020.09
MIA,2024-12-01,Sponsorships,16169.23
TPA,2013-01-01,TV,22352.52
TPA,2013-01-01,Digital,23895.47
TPA,2013-01-01,Billboard & radio,10437.11
TPA,2013-01-01,Sponsorships,10124.2
TPA,2013-02-01,TV,23755.15
TPA,2013-02-01,Digital,22390.82
TPA,2013-02-01,Billboard & radio,10178.91
TPA,2013-02-01,Sponsorships,10383.9
TPA,2013-03-01,TV,24011.98
TPA,2013-03-01,Digital,24298.55
TPA,2013-03-01,Billboard & radio,10840.13
TPA,2013-03-01,Sponsorships,10599.34
TPA,2013-04-01,TV,23709.22
TPA,2013-04-01,Digital,22240.86
TPA,2013-04-01,Billboard & radio,9821.25
TPA,2013-04-01,Sponsorships,10013.81
TPA,2013-05-01,TV,23923.08
TPA,2013-05-01,Digital,23059.97
TPA,2013-05-01,Billboard & radio,9651.29
TPA,2013-05-01,Sponsorships,9523.47
TPA,2013-06-01,TV,21674.55
TPA,2013-06-01,Digital,23347.46
TPA,2013-06-01,Billboard & radio,9380.98
TPA,2013-06-01,Sponsorships,9618.48
TPA,2013-07-01,TV,23159.7
TPA,2013-07-01,Digital,22046.95
TPA,2013-07-01,Billboard & radio,10317.25
TPA,2013-07-01,Sponsorships,10499.74
TPA,2013-08-01,TV,22975.99
TPA,2013-08-01,Digital,23108.76
TPA,2013-08-01,Billboard & radio,10397.07
TPA,2013-08-01,Sponsorships,9763.54
TPA,2013-09-01,TV,22700.4
TPA,2013-09-01,Digital,25038.36
TPA,2013-09-01,Billboard & radio,10572.62
TPA,2013-09-01,Sponsorships,10429.53
TPA,2013-10-01,TV,24718.42
TPA,2013-10-01,Digital,21289.34
TPA,2013-10-01,Billboard & radio,10810.38
TPA,2013-10-01,Sponsorships,10323.48
TPA,2013-11-01,TV,24818.99
TPA,2013-11-01,Digital,24082.33
TPA,2013-11-01,Billboard & radio,10149.77
TPA,2013-11-01,Sponsorships,9985.62
TPA,2013-12-01,TV,24058.69
TPA,2013-12-01,Digital,23256.75
TPA,2013-12-01,Billboard & radio,10564.36
TPA,2013-12-01,Sponsorships,9321.86
TPA,2014-01-01,TV,22985.26
TPA,2014-01-01,Digital,26040.45
TPA,2014-01-01,Billboard & radio,9808.05
TPA,2014-01-01,Sponsorships,10004.17
TPA,2014-02-01,TV,22582.45
TPA,2014-02-01,Digital,24021.72
TPA,2014-02-01,Billboard & radio,9752.27
TPA,2014-02-01,Sponsorships,10031.03
TPA,2014-03-01,TV,24627.72
TPA,2014-03-01,Digital,22799.59
TPA,2014-03-01,Billboard & radio,10524.23
TPA,2014-03-01,Sponsorships,10541.25
TPA,2014-04-01,TV,24871.17
TPA,2014-04-01,Digital,23791.01
TPA,2014-04-01,Billboard & radio,11765.89
TPA,2014-04-01,Sponsorships,10658.86
TPA,2014-05-01,TV,24008.76
TPA,2014-05-01,Digital,22590.31
TPA,2014-05-01,Billboard & radio,10075.86
TPA,2014-05-01,Sponsorships,10847.08
TPA,2014-06-01,TV,25644.39
TPA,2014-06-01,Digital,25371.28
TPA,2014-06-01,Billboard & radio,10522.5
TPA,2014-06-01,Sponsorships,9489.32
TPA,2014-07-01,TV,24200.46
TPA,2014-07-01,Digital,22158.59
TPA,2014-07-01,Billboard & radio,9371.97
TPA,2014-07-01,Sponsorships,10246.07
TPA,2014-08-01,TV,24243.03
TPA,2014-08-01,Digital,24692.11
TPA,2014-08-01,Billboard & radio,10376.68
TPA,2014-08-01,Sponsorships,10394.12
TPA,2014-09-01,TV,22461.88
TPA,2014-09-01,Digital,23501.0
TPA,2014-09-01,Billboard & radio,9362.02
TPA,2014-09-01,Sponsorships,9110.79
TPA,2014-10-01,TV,24499.88
TPA,2014-10-01,Digital,22735.37
TPA,2014-10-01,Billboard & radio,10566.7
TPA,2014-10-01,Sponsorships,10686.1
TPA,2014-11-01,TV,22893.43
TPA,2014-11-01,Digital,24322.3
TPA,2014-11-01,Billboard & radio,9790.29
TPA,2014-11-01,Sponsorships,9190.52
TPA,2014-12-01,TV,23770.66
TPA,2014-12-01,Digital,23068.78
TPA,2014-12-01,Billboard & radio,9902.2
TPA,2014-12-01,Sponsorships,11125.02
TPA,2015-01-01,TV,21822.58
TPA,2015-01-01,Digital,24077.27
TPA,2015-01-01,Billboard & radio,9621.38
TPA,2015-01-01,Sponsorships,10584.81
TPA,2015-02-01,TV,23977.52
TPA,2015-02-01,Digital,24073.1
TPA,2015-02-01,Billboard & radio,9646.65
TPA,2015-02-01,Sponsorships,9737.42
TPA,2015-03-01,TV,24720.31
TPA,2015-03-01,Digital,25716.75
TPA,2015-03-01,Billboard & radio,10368.16
TPA,2015-03-01,Sponsorships,9670.68
TPA,2015-04-01,TV,24025.37
TPA,2015-04-01,Digital,26492.45
TPA,2015-04-01,Billboard & radio,10176.85
TPA,2015-04-01,Sponsorships,10865.06
TPA,2015-05-01,TV,22750.49
TPA,2015-05-01,Digital,23575.29
TPA,2015-05-01,Billboard & radio,10438.65
TPA,2015-05-01,Sponsorships,10326.15
TPA,2015-06-01,TV,22719.7
TPA,2015-06-01,Digital,22668.76
TPA,2015-06-01,Billboard & radio,10625.32
TPA,2015-06-01,Sponsorships,10728.22
TPA,2015-07-01,TV,25411.22
TPA,2015-07-01,Digital,25755.89
TPA,2015-07-01,Billboard & radio,10193.15
TPA,2015-07-01,Sponsorships,9967.46
TPA,2015-08-01,TV,25220.86
TPA,2015-08-01,Digital,24467.31
TPA,2015-08-01,Billboard & radio,9627.63
TPA,2015-08-01,Sponsorships,9601.72
TPA,2015-09-01,TV,24206.09
TPA,2015-09-01,Digital,23415.59
TPA,2015-09-01,Billboard & radio,10111.62
TPA,2015-09-01,Sponsorships,10667.97
TPA,2015-10-01,TV,24521.61
TPA,2015-10-01,Digital,25195.91
TPA,2015-10-01,Billboard & radio,9147.16
TPA,2015-10-01,Sponsorships,10253.28
TPA,2015-11-01,TV,24445.6
TPA,2015-11-01,Digital,21821.72
TPA,2015-11-01,Billboard & radio,9793.46
TPA,2015-11-01,Sponsorships,9699.5
TPA,2015-12-01,TV,23650.63
TPA,2015-12-01,Digital,25547.9
TPA,2015-12-01,Billboard & radio,11148.94
TPA,2015-12-01,Sponsorships,9712.77
TPA,2016-01-01,TV,24247.0
TPA,2016-01-01,Digital,24285.08
TPA,2016-01-01,Billboard & radio,10321.24
TPA,2016-01-01,Sponsorships,10326.98
TPA,2016-02-01,TV,23983.8
TPA,2016-02-01,Digital,25618.44
TPA,2016-02-01,Billboard & radio,10683.12
TPA,2016-02-01,Sponsorships,9588.3
TPA,2016-03-01,TV,24564.95
TPA,2016-03-01,Digital,24679.12
TPA,2016-03-01,Billboard & radio,10284.45
TPA,2016-03-01,Sponsorships,10697.78
TPA,2016-04-01,TV,23847.16
TPA,2016-04-01,Digital,23861.8
TPA,2016-04-01,Billboard & radio,10186.38
TPA,2016-04-01,Sponsorships,9103.26
TPA,2016-05-01,TV,23530.03
TPA,2016-05-01,Digital,22835.63
TPA,2016-05-01,Billboard & radio,9524.36
TPA,2016-05-01,Sponsorships,10850.97
TPA,2016-06-01,TV,24220.6
TPA,2016-06-01,Digital,23589.76
TPA,2016-06-01,Billboard & radio,9839.07
TPA,2016-06-01,Sponsorships,10274.94
TPA,2016-07-01,TV,24796.13
TPA,2016-07-01,Digital,22648.15
TPA,2016-07-01,Billboard & radio,10122.56
TPA,2016-07-01,Sponsorships,10564.46
TPA,2016-08-01,TV,21338.1
TPA,2016-08-01,Digital,23557.0
TPA,2016-08-01,Billboard & radio,9907.67
TPA,2016-08-01,Sponsorships,10057.25
TPA,2016-09-01,TV,23032.45
TPA,2016-09-01,Digital,23787.57
TPA,2016-09-01,Billboard & radio,11098.84
TPA,2016-09-01,Sponsorships,9961.01
TPA,2016-10-01,TV,23969.58
TPA,2016-10-01,Digital,25981.29
TPA,2016-10-01,Billboard & radio,9846.55
TPA,2016-10-01,Sponsorships,11043.68
TPA,2016-11-01,TV,23631.29
TPA,2016-11-01,Digital,25729.86
TPA,2016-11-01,Billboard & radio,10504.79
TPA,2016-11-01,Sponsorships,10280.47
TPA,2016-12-01,TV,23547.47
TPA,2016-12-01,Digital,22887.85
TPA,2016-12-01,Billboard & radio,10163.37
TPA,2016-12-01,Sponsorships,10579.29
TPA,2017-01-01,TV,23609.51
TPA,2017-01-01,Digital,23250.99
TPA,2017-01-01,Billboard & radio,9998.04
TPA,2017-01-01,Sponsorships,10627.44
TPA,2017-02-01,TV,25072.22
TPA,2017-02-01,Digital,22836.93
TPA,2017-02-01,Billboard & radio,9786.53
TPA,2017-02-01,Sponsorships,10317.05
TPA,2017-03-01,TV,25429.4
TPA,2017-03-01,Digital,24978.7
TPA,2017-03-01,Billboard & radio,9491.25
TPA,2017-03-01,Sponsorships,9991.31
TPA,2017-04-01,TV,22525.72
TPA,2017-04-01,Digital,23309.0
TPA,2017-04-01,Billboard & radio,10937.23
TPA,2017-04-01,Sponsorships,9404.81
TPA,2017-05-01,TV,21712.72
TPA,2017-05-01,Digital,22646.27
TPA,2017-05-01,Billboard & radio,10270.45
TPA,2017-05-01,Sponsorships,10439.26
TPA,2017-06-01,TV,24141.74
TPA,2017-06-01,Digital,25013.78
TPA,2017-06-01,Billboard & radio,9232.44
TPA,2017-06-01,Sponsorships,10726.6
TPA,2017-07-01,TV,23256.34
TPA,2017-07-01,Digital,24489.08
TPA,2017-07-01,Billboard & radio,9455.02
TPA,2017-07-01,Sponsorships,10127.51
TPA,2017-08-01,TV,23904.09
TPA,2017-08-01,Digital,24990.23
TPA,2017-08-01,Billboard & radio,9322.46
TPA,2017-08-01,Sponsorships,10140.57
TPA,2017-09-01,TV,22343.07
TPA,2017-09-01,Digital,24222.12
TPA,2017-09-01,Billboard & radio,10518.47
TPA,2017-09-01,Sponsorships,10776.63
TPA,2017-10-01,TV,22993.0
TPA,2017-10-01,Digital,24720.29
TPA,2017-10-01,Billboard & radio,10813.96
TPA,2017-10-01,Sponsorships,9293.11
TPA,2017-11-01,TV,24348.33
TPA,2017-11-01,Digital,24757.24
TPA,2017-11-01,Billboard & radio,9994.02
TPA,2017-11-01,Sponsorships,9512.05
TPA,2017-12-01,TV,24738.87
TPA,2017-12-01,Digital,22208.08
TPA,2017-12-01,Billboard & radio,10034.71
TPA,2017-12-01,Sponsorships,10104.69
TPA,2018-01-01,TV,24470.23
TPA,2018-01-01,Digital,22884.79
TPA,2018-01-01,Billboard & radio,9778.43
TPA,2018-01-01,Sponsorships,10175.08
TPA,2018-02-01,TV,24813.8
TPA,2018-02-01,Digital,26327.05
TPA,2018-02-01,Billboard & radio,9361.84
TPA,2018-02-01,Sponsorships,10284.64
TPA,2018-03-01,TV,22341.53
TPA,2018-03-01,Digital,24828.47
TPA,2018-03-01,Billboard & radio,9649.86
TPA,2018-03-01,Sponsorships,9783.46
TPA,2018-04-01,TV,22928.92
TPA,2018-04-01,Digital,23534.99
TPA,2018-04-01,Billboard & radio,10288.62
TPA,2018-04-01,Sponsorships,10369.87
TPA,2018-05-01,TV,23618.19
TPA,2018-05-01,Digital,22054.07
TPA,2018-05-01,Billboard & radio,10493.44
TPA,2018-05-01,Sponsorships,10098.19
TPA,2018-06-01,TV,24997.3
TPA,2018-06-01,Digital,22788.98
TPA,2018-06-01,Billboard & radio,9313.85
TPA,2018-06-01,Sponsorships,10107.77
TPA,2018-07-01,TV,25155.84
TPA,2018-07-01,Digital,23815.11
TPA,2018-07-01,Billboard & radio,10023.92
TPA,2018-07-01,Sponsorships,9684.39
TPA,2018-08-01,TV,25701.36
TPA,2018-08-01,Digital,22408.78
TPA,2018-08-01,Billboard & radio,9757.77
TPA,2018-08-01,Sponsorships,10413.58
TPA,2018-09-01,TV,21432.58
TPA,2018-09-01,Digital,25130.61
TPA,2018-09-01,Billboard & radio,10441.0
TPA,2018-09-01,Sponsorships,10580.24
TPA,2018-10-01,TV,24284.28
TPA,2018-10-01,Digital,23434.67
TPA,2018-10-01,Billboard & radio,9586.78
TPA,2018-10-01,Sponsorships,10054.09
TPA,2018-11-01,TV,22473.0
TPA,2018-11-01,Digital,24199.27
TPA,2018-11-01,Billboard & radio,10533.43
TPA,2018-11-01,Sponsorships,10872.63
TPA,2018-12-01,TV,24064.15
TPA,2018-12-01,Digital,24717.15
TPA,2018-12-01,Billboard & radio,9974.57
TPA,2018-12-01,Sponsorships,9882.87
TPA,2019-01-01,TV,24184.52
TPA,2019-01-01,Digital,23168.48
TPA,2019-01-01,Billboard & radio,10261.28
TPA,2019-01-01,Sponsorships,9587.77
TPA,2019-02-01,TV,22583.58
TPA,2019-02-01,Digital,24375.58
TPA,2019-02-01,Billboard & radio,10573.89
TPA,2019-02-01,Sponsorships,9626.01
TPA,2019-03-01,TV,24417.16
TPA,2019-03-01,Digital,22995.71
TPA,2019-03-01,Billboard & radio,10133.36
TPA,2019-03-01,Sponsorships,10842.33
TPA,2019-04-01,TV,24578.84
TPA,2019-04-01,Digital,24565.12
TPA,2019-04-01,Billboard & radio,11091.33
TPA,2019-04-01,Sponsorships,9768.66
TPA,2019-05-01,TV,22460.44
TPA,2019-05-01,Digital,22771.99
TPA,2019-05-01,Billboard & radio,9996.16
TPA,2019-05-01,Sponsorships,8933.01
TPA,2019-06-01,TV,23379.98
TPA,2019-06-01,Digital,22981.73
TPA,2019-06-01,Billboard & radio,10521.78
TPA,2019-06-01,Sponsorships,10303.41
TPA,2019-07-01,TV,22915.43
TPA,2019-07-01,Digital,24321.89
TPA,2019-07-01,Billboard & radio,10491.15
TPA,2019-07-01,Sponsorships,9735.92
TPA,2019-08-01,TV,23042.62
TPA,2019-08-01,Digital,20996.29
TPA,2019-08-01,Billboard & radio,9572.85
TPA,2019-08-01,Sponsorships,9749.12
TPA,2019-09-01,TV,23712.61
TPA,2019-09-01,Digital,22508.27
TPA,2019-09-01,Billboard & radio,9865.06
TPA,2019-09-01,Sponsorships,9504.68
TPA,2019-10-01,TV,23827.13
TPA,2019-10-01,Digital,24127.88
TPA,2019-10-01,Billboard & radio,10328.7
TPA,2019-10-01,Sponsorships,10131.26
TPA,2019-11-01,TV,21804.61
TPA,2019-11-01,Digital,22892.68
TPA,2019-11-01,Billboard & radio,9918.8
TPA,2019-11-01,Sponsorships,9920.83
TPA,2019-12-01,TV,23713.57
TPA,2019-12-01,Digital,25308.92
TPA,2019-12-01,Billboard & radio,10536.12
TPA,2019-12-01,Sponsorships,9625.07
TPA,2020-01-01,TV,24426.36
TPA,2020-01-01,Digital,24381.36
TPA,2020-01-01,Billboard & radio,9716.93
TPA,2020-01-01,Sponsorships,10554.74
TPA,2020-02-01,TV,23435.56
TPA,2020-02-01,Digital,21959.49
TPA,2020-02-01,Billboard & radio,10355.45
TPA,2020-02-01,Sponsorships,10234.84
TPA,2020-03-01,TV,23356.06
TPA,2020-03-01,Digital,23580.76
TPA,2020-03-01,Billboard & radio,9760.96
TPA,2020-03-01,Sponsorships,10433.88
TPA,2020-04-01,TV,23573.67
TPA,2020-04-01,Digital,23821.62
TPA,2020-04-01,Billboard & radio,10305.8
TPA,2020-04-01,Sponsorships,9540.49
TPA,2020-05-01,TV,22568.63
TPA,2020-05-01,Digital,21014.5
TPA,2020-05-01,Billboard & radio,10410.9
TPA,2020-05-01,Sponsorships,9511.32
TPA,2020-06-01,TV,23781.6
TPA,2020-06-01,Digital,24063.23
TPA,2020-06-01,Billboard & radio,10429.94
TPA,2020-06-01,Sponsorships,9515.47
TPA,2020-07-01,TV,23548.03
TPA,2020-07-01,Digital,25598.02
TPA,2020-07-01,Billboard & radio,10992.87
TPA,2020-07-01,Sponsorships,10624.83
TPA,2020-08-01,TV,24023.66
TPA,2020-08-01,Digital,22437.72
TPA,2020-08-01,Billboard & radio,10488.8
TPA,2020-08-01,Sponsorships,10045.0
TPA,2020-09-01,TV,24287.12
TPA,2020-09-01,Digital,22877.45
TPA,2020-09-01,Billboard & radio,10037.45
TPA,2020-09-01,Sponsorships,10208.1
TPA,2020-10-01,TV,23915.92
TPA,2020-10-01,Digital,24208.21
TPA,2020-10-01,Billboard & radio,9831.78
TPA,2020-10-01,Sponsorships,9444.96
TPA,2020-11-01,TV,25544.28
TPA,2020-11-01,Digital,26565.43
TPA,2020-11-01,Billboard & radio,10351.51
TPA,2020-11-01,Sponsorships,9454.73
TPA,2020-12-01,TV,22711.66
TPA,2020-12-01,Digital,24226.4
TPA,2020-12-01,Billboard & radio,10803.94
TPA,2020-12-01,Sponsorships,9510.97
TPA,2021-01-01,TV,23478.13
TPA,2021-01-01,Digital,23856.44
TPA,2021-01-01,Billboard & radio,10562.69
TPA,2021-01-01,Sponsorships,9951.05
TPA,2021-02-01,TV,21777.74
TPA,2021-02-01,Digital,24358.79
TPA,2021-02-01,Billboard & radio,10694.43
TPA,2021-02-01,Sponsorships,10083.19
TPA,2021-03-01,TV,24103.69
TPA,2021-03-01,Digital,23064.51
TPA,2021-03-01,Billboard & radio,9696.83
TPA,2021-03-01,Sponsorships,10644.63
TPA,2021-04-01,TV,24082.73
TPA,2021-04-01,Digital,24204.25
TPA,2021-04-01,Billboard & radio,10885.45
TPA,2021-04-01,Sponsorships,9590.99
TPA,2021-05-01,TV,22972.92
TPA,2021-05-01,Digital,23811.56
TPA,2021-05-01,Billboard & radio,9839.32
TPA,2021-05-01,Sponsorships,10521.46
TPA,2021-06-01,TV,23403.63
TPA,2021-06-01,Digital,22452.57
TPA,2021-06-01,Billboard & radio,10158.3
TPA,2021-06-01,Sponsorships,10211.23
TPA,2021-07-01,TV,24729.09
TPA,2021-07-01,Digital,24089.4
TPA,2021-07-01,Billboard & radio,10358.46
TPA,2021-07-01,Sponsorships,10287.15
TPA,2021-08-01,TV,23402.66
TPA,2021-08-01,Digital,22778.97
TPA,2021-08-01,Billboard & radio,10271.22
TPA,2021-08-01,Sponsorships,9956.36
TPA,2021-09-01,TV,25621.1
TPA,2021-09-01,Digital,25210.45
TPA,2021-09-01,Billboard & radio,10445.37
TPA,2021-09-01,Sponsorships,10316.6
TPA,2021-10-01,TV,23521.1
TPA,2021-10-01,Digital,22135.3
TPA,2021-10-01,Billboard & radio,10015.56
TPA,2021-10-01,Sponsorships,10176.33
TPA,2021-11-01,TV,23896.05
TPA,2021-11-01,Digital,24179.64
TPA,2021-11-01,Billboard & radio,10591.42
TPA,2021-11-01,Sponsorships,9774.6
TPA,2021-12-01,TV,22818.12
TPA,2021-12-01,Digital,25338.82
TPA,2021-12-01,Billboard & radio,10515.31
TPA,2021-12-01,Sponsorships,9927.17
TPA,2022-01-01,TV,23498.36
TPA,2022-01-01,Digital,23503.67
TPA,2022-01-01,Billboard & radio,10140.98
TPA,2022-01-01,Sponsorships,10364.3
TPA,2022-02-01,TV,26619.46
TPA,2022-02-01,Digital,23849.15
TPA,2022-02-01,Billboard & radio,10460.44
TPA,2022-02-01,Sponsorships,9271.22
TPA,2022-03-01,TV,23052.21
TPA,2022-03-01,Digital,25076.54
TPA,2022-03-01,Billboard & radio,10328.67
TPA,2022-03-01,Sponsorships,7903.01
TPA,2022-04-01,TV,24421.19
TPA,2022-04-01,Digital,25890.83
TPA,2022-04-01,Billboard & radio,9114.57
TPA,2022-04-01,Sponsorships,10894.19
TPA,2022-05-01,TV,20350.63
TPA,2022-05-01,Digital,24733.01
TPA,2022-05-01,Billboard & radio,10120.62
TPA,2022-05-01,Sponsorships,8935.33
TPA,2022-06-01,TV,24152.0
TPA,2022-06-01,Digital,24984.43
TPA,2022-06-01,Billboard & radio,10309.22
TPA,2022-06-01,Sponsorships,10421.07
TPA,2022-07-01,TV,23138.71
TPA,2022-07-01,Digital,21426.23
TPA,2022-07-01,Billboard & radio,10475.26
TPA,2022-07-01,Sponsorships,11010.81
TPA,2022-08-01,TV,24959.32
TPA,2022-08-01,Digital,21276.82
TPA,2022-08-01,Billboard & radio,9358.08
TPA,2022-08-01,Sponsorships,9696.73
TPA,2022-09-01,TV,21743.3
TPA,2022-09-01,Digital,23677.2
TPA,2022-09-01,Billboard & radio,10324.17
TPA,2022-09-01,Sponsorships,9400.93
TPA,2022-10-01,TV,24542.98
TPA,2022-10-01,Digital,24335.05
TPA,2022-10-01,Billboard & radio,9847.49
TPA,2022-10-01,Sponsorships,10037.66
TPA,2022-11-01,TV,21321.8
TPA,2022-11-01,Digital,23232.52
TPA,2022-11-01,Billboard & radio,10128.74
TPA,2022-11-01,Sponsorships,10210.43
TPA,2022-12-01,TV,24072.55
TPA,2022-12-01,Digital,23913.51
TPA,2022-12-01,Billboard & radio,9991.18
TPA,2022-12-01,Sponsorships,10269.89
TPA,2023-01-01,TV,24808.65
TPA,2023-01-01,Digital,23512.19
TPA,2023-01-01,Billboard & radio,10285.78
TPA,2023-01-01,Sponsorships,10030.75
TPA,2023-02-01,TV,22861.02
TPA,2023-02-01,Digital,24242.65
TPA,2023-02-01,Billboard & radio,9843.92
TPA,2023-02-01,Sponsorships,10320.49
TPA,2023-03-01,TV,23658.38
TPA,2023-03-01,Digital,23265.98
TPA,2023-03-01,Billboard & radio,9958.88
TPA,2023-03-01,Sponsorships,9867.76
TPA,2023-04-01,TV,21680.9
TPA,2023-04-01,Digital,24077.29
TPA,2023-04-01,Billboard & radio,10242.22
TPA,2023-04-01,Sponsorships,10555.15
TPA,2023-05-01,TV,22997.22
TPA,2023-05-01,Digital,25863.92
TPA,2023-05-01,Billboard & radio,9932.76
TPA,2023-05-01,Sponsorships,9681.98
TPA,2023-06-01,TV,22451.21
TPA,2023-06-01,Digital,21576.8
TPA,2023-06-01,Billboard & radio,10900.89
TPA,2023-06-01,Sponsorships,10819.1
TPA,2023-07-01,TV,24334.63
TPA,2023-07-01,Digital,22566.5
TPA,2023-07-01,Billboard & radio,11041.95
TPA,2023-07-01,Sponsorships,9946.94
TPA,2023-08-01,TV,23307.21
TPA,2023-08-01,Digital,25322.76
TPA,2023-08-01,Billboard & radio,10458.57
TPA,2023-08-01,Sponsorships,11239.31
TPA,2023-09-01,TV,23918.8
TPA,2023-09-01,Digital,23156.01
TPA,2023-09-01,Billboard & radio,9815.27
TPA,2023-09-01,Sponsorships,9189.96
TPA,2023-10-01,TV,23295.91
TPA,2023-10-01,Digital,24977.05
TPA,2023-10-01,Billboard & radio,10428.16
TPA,2023-10-01,Sponsorships,10135.28
TPA,2023-11-01,TV,22449.73
TPA,2023-11-01,Digital,23892.99
TPA,2023-11-01,Billboard & radio,10637.74
TPA,2023-11-01,Sponsorships,10343.05
TPA,2023-12-01,TV,23821.96
TPA,2023-12-01,Digital,22683.59
TPA,2023-12-01,Billboard & radio,10564.01
TPA,2023-12-01,Sponsorships,8539.47
TPA,2024-01-01,TV,24077.24
TPA,2024-01-01,Digital,26661.19
TPA,2024-01-01,Billboard & radio,9361.39
TPA,2024-01-01,Sponsorships,10002.81
TPA,2024-02-01,TV,23615.66
TPA,2024-02-01,Digital,23078.57
TPA,2024-02-01,Billboard & radio,10649.66
TPA,2024-02-01,Sponsorships,10364.18
TPA,2024-03-01,TV,23804.9
TPA,2024-03-01,Digital,24566.78
TPA,2024-03-01,Billboard & radio,10133.48
TPA,2024-03-01,Sponsorships,11734.81
TPA,2024-04-01,TV,23803.78
TPA,2024-04-01,Digital,23855.68
TPA,2024-04-01,Billboard & radio,9259.08
TPA,2024-04-01,Sponsorships,9849.88
TPA,2024-05-01,TV,24980.34
TPA,2024-05-01,Digital,22047.49
TPA,2024-05-01,Billboard & radio,9032.74
TPA,2024-05-01,Sponsorships,10141.36
TPA,2024-06-01,TV,25244.19
TPA,2024-06-01,Digital,23675.06
TPA,2024-06-01,Billboard & radio,9954.84
TPA,2024-06-01,Sponsorships,9184.14
TPA,2024-07-01,TV,24159.23
TPA,2024-07-01,Digital,24406.13
TPA,2024-07-01,Billboard & radio,9223.0
TPA,2024-07-01,Sponsorships,10699.36
TPA,2024-08-01,TV,24529.48
TPA,2024-08-01,Digital,24962.55
TPA,2024-08-01,Billboard & radio,10420.41
TPA,2024-08-01,Sponsorships,10455.93
TPA,2024-09-01,TV,24240.1
TPA,2024-09-01,Digital,24650.88
TPA,2024-09-01,Billboard & radio,9204.25
TPA,2024-09-01,Sponsorships,9365.09
TPA,2024-10-01,TV,22755.59
TPA,2024-10-01,Digital,23471.65
TPA,2024-10-01,Billboard & radio,10321.49
TPA,2024-10-01,Sponsorships,10289.37
TPA,2024-11-01,TV,24944.58
TPA,2024-11-01,Digital,24981.66
TPA,2024-11-01,Billboard & radio,9683.36
TPA,2024-11-01,Sponsorships,10245.78
TPA,2024-12-01,TV,22623.5
TPA,2024-12-01,Digital,23402.63
TPA,2024-12-01,Billboard & radio,10287.91
TPA,2024-12-01,Sponsorships,8399.34
HOU,2013-01-01,TV,39709.92
HOU,2013-01-01,Digital,36441.11
HOU,2013-01-01,Billboard & radio,14735.14
HOU,2013-01-01,Sponsorships,16651.1
HOU,2013-02-01,TV,34821.9
HOU,2013-02-01,Digital,35672.31
HOU,2013-02-01,Billboard & radio,14817.6
HOU,2013-02-01,Sponsorships,16441.98
HOU,2013-03-01,TV,35251.48
HOU,2013-03-01,Digital,35702.37
HOU,2013-03-01,Billboard & radio,16101.62
HOU,2013-03-01,Sponsorships,15631.84
HOU,2013-04-01,TV,35341.2
HOU,2013-04-01,Digital,37404.97
HOU,2013-04-01,Billboard & radio,17115.16
HOU,2013-04-01,Sponsorships,15428.53
HOU,2013-05-01,TV,35644.38
HOU,2013-05-01,Digital,35739.83
HOU,2013-05-01,Billboard & radio,16182.61
HOU,2013-05-01,Sponsorships,14732.48
HOU,2013-06-01,TV,34944.36
HOU,2013-06-01,Digital,32713.34
HOU,2013-06-01,Billboard & radio,14288.5
HOU,2013-06-01,Sponsorships,14794.3
HOU,2013-07-01,TV,35338.39
HOU,2013-07-01,Digital,38572.09
HOU,2013-07-01,Billboard & radio,15594.52
HOU,2013-07-01,Sponsorships,14494.89
HOU,2013-08-01,TV,34147.61
HOU,2013-08-01,Digital,37873.38
HOU,2013-08-01,Billboard & radio,16043.02
HOU,2013-08-01,Sponsorships,15208.88
HOU,2013-09-01,TV,34653.4
HOU,2013-09-01,Digital,37430.74
HOU,2013-09-01,Billboard & radio,14433.19
HOU,2013-09-01,Sponsorships,15485.2
HOU,2013-10-01,TV,39464.37
HOU,2013-10-01,Digital,35801.36
HOU,2013-10-01,Billboard & radio,14598.52
HOU,2013-10-01,Sponsorships,15499.12
HOU,2013-11-01,TV,34604.7
HOU,2013-11-01,Digital,32967.3
HOU,2013-11-01,Billboard & radio,15719.85
HOU,2013-11-01,Sponsorships,16036.36
HOU,2013-12-01,TV,34886.61
HOU,2013-12-01,Digital,34769.09
HOU,2013-12-01,Billboard & radio,14457.31
HOU,2013-12-01,Sponsorships,15073.64
HOU,2014-01-01,TV,34441.05
HOU,2014-01-01,Digital,33646.08
HOU,2014-01-01,Billboard & radio,16624.37
HOU,2014-01-01,Sponsorships,15541.74
HOU,2014-02-01,TV,36451.71
HOU,2014-02-01,Digital,37002.77
HOU,2014-02-01,Billboard & radio,15773.01
HOU,2014-02-01,Sponsorships,14873.79
HOU,2014-03-01,TV,35920.43
HOU,2014-03-01,Digital,34960.81
HOU,2014-03-01,Billboard & radio,15520.46
HOU,2014-03-01,Sponsorships,15446.97
HOU,2014-04-01,TV,34759.47
HOU,2014-04-01,Digital,33082.15
HOU,2014-04-01,Billboard & radio,15298.55
HOU,2014-04-01,Sponsorships,15032.38
HOU,2014-05-01,TV,32088.0
HOU,2014-05-01,Digital,36337.01
HOU,2014-05-01,Billboard & radio,15920.56
HOU,2014-05-01,Sponsorships,17107.47
HOU,2014-06-01,TV,34744.35
HOU,2014-06-01,Digital,34482.97
HOU,2014-06-01,Billboard & radio,14345.03
HOU,2014-06-01,Sponsorships,15345.94
HOU,2014-07-01,TV,35795.98
HOU,2014-07-01,Digital,33999.98
HOU,2014-07-01,Billboard & radio,15054.66
HOU,2014-07-01,Sponsorships,13684.95
HOU,2014-08-01,TV,37078.92
HOU,2014-08-01,Digital,34071.95
HOU,2014-08-01,Billboard & radio,15161.18
HOU,2014-08-01,Sponsorships,14104.1
HOU,2014-09-01,TV,34405.64
HOU,2014-09-01,Digital,34942.1
HOU,2014-09-01,Billboard & radio,15178.93
HOU,2014-09-01,Sponsorships,15551.8
HOU,2014-10-01,TV,37987.36
HOU,2014-10-01,Digital,36735.77
HOU,2014-10-01,Billboard & radio,15918.14
HOU,2014-10-01,Sponsorships,16285.64
HOU,2014-11-01,TV,36446.95
HOU,2014-11-01,Digital,35372.46
HOU,2014-11-01,Billboard & radio,15953.79
HOU,2014-11-01,Sponsorships,16002.32
HOU,2014-12-01,TV,36586.68
HOU,2014-12-01,Digital,32860.08
HOU,2014-12-01,Billboard & radio,14548.52
HOU,2014-12-01,Sponsorships,14978.78
HOU,2015-01-01,TV,36818.89
HOU,2015-01-01,Digital,35399.68
HOU,2015-01-01,Billboard & radio,16050.81
HOU,2015-01-01,Sponsorships,16186.26
HOU,2015-02-01,TV,37562.28
HOU,2015-02-01,Digital,37573.57
HOU,2015-02-01,Billboard & radio,14400.03
HOU,2015-02-01,Sponsorships,15554.0
HOU,2015-03-01,TV,34361.03
HOU,2015-03-01,Digital,32515.56
HOU,2015-03-01,Billboard & radio,14969.2
HOU,2015-03-01,Sponsorships,16193.47
HOU,2015-04-01,TV,36253.88
HOU,2015-04-01,Digital,39012.81
HOU,2015-04-01,Billboard & radio,15322.08
HOU,2015-04-01,Sponsorships,17046.3
HOU,2015-05-01,TV,35752.05
HOU,2015-05-01,Digital,35477.33
HOU,2015-05-01,Billboard & radio,14215.96
HOU,2015-05-01,Sponsorships,16030.83
HOU,2015-06-01,TV,34547.8
HOU,2015-06-01,Digital,34291.01
HOU,2015-06-01,Billboard & radio,16160.43
HOU,2015-06-01,Sponsorships,16067.03
HOU,2015-07-01,TV,37443.35
HOU,2015-07-01,Digital,34795.74
HOU,2015-07-01,Billboard & radio,15148.79
HOU,2015-07-01,Sponsorships,15142.05
HOU,2015-08-01,TV,36824.02
HOU,2015-08-01,Digital,38190.22
HOU,2015-08-01,Billboard & radio,15467.06
HOU,2015-08-01,Sponsorships,16687.18
HOU,2015-09-01,TV,37027.22
HOU,2015-09-01,Digital,35021.46
HOU,2015-09-01,Billboard & radio,15816.8
HOU,2015-09-01,Sponsorships,16482.95
HOU,2015-10-01,TV,38978.22
HOU,2015-10-01,Digital,37540.52
HOU,2015-10-01,Billboard & radio,15207.0
HOU,2015-10-01,Sponsorships,15022.95
HOU,2015-11-01,TV,36458.22
HOU,2015-11-01,Digital,38403.57
HOU,2015-11-01,Billboard & radio,15516.89
HOU,2015-11-01,Sponsorships,15532.66
HOU,2015-12-01,TV,35528.57
HOU,2015-12-01,Digital,34856.52
HOU,2015-12-01,Billboard & radio,15064.38
HOU,2015-12-01,Sponsorships,15290.34
HOU,2016-01-01,TV,38481.76
HOU,2016-01-01,Digital,35012.76
HOU,2016-01-01,Billboard & radio,15227.45
HOU,2016-01-01,Sponsorships,14530.35
HOU,2016-02-01,TV,36707.28
HOU,2016-02-01,Digital,37859.08
HOU,2016-02-01,Billboard & radio,16421.1
HOU,2016-02-01,Sponsorships,15341.93
HOU,2016-03-01,TV,36455.18
HOU,2016-03-01,Digital,35165.43
HOU,2016-03-01,Billboard & radio,15588.46
HOU,2016-03-01,Sponsorships,15425.92
HOU,2016-04-01,TV,35540.74
HOU,2016-04-01,Digital,35681.58
HOU,2016-04-01,Billboard & radio,15530.68
HOU,2016-04-01,Sponsorships,14964.13
HOU,2016-05-01,TV,35007.83
HOU,2016-05-01,Digital,38462.73
HOU,2016-05-01,Billboard & radio,17245.82
HOU,2016-05-01,Sponsorships,14272.93
HOU,2016-06-01,TV,33205.87
HOU,2016-06-01,Digital,33741.54
HOU,2016-06-01,Billboard & radio,15109.07
HOU,2016-06-01,Sponsorships,15867.73
HOU,2016-07-01,TV,36485.13
HOU,2016-07-01,Digital,35742.32
HOU,2016-07-01,Billboard & radio,15589.16
HOU,2016-07-01,Sponsorships,14661.95
HOU,2016-08-01,TV,35004.94
HOU,2016-08-01,Digital,35401.89
HOU,2016-08-01,Billboard & radio,13984.49
HOU,2016-08-01,Sponsorships,14305.63
HOU,2016-09-01,TV,33450.23
HOU,2016-09-01,Digital,36791.4
HOU,2016-09-01,Billboard & radio,15373.82
HOU,2016-09-01,Sponsorships,15651.52
HOU,2016-10-01,TV,32177.86
HOU,2016-10-01,Digital,32808.81
HOU,2016-10-01,Billboard & radio,15691.13
HOU,2016-10-01,Sponsorships,13077.45
HOU,2016-11-01,TV,37607.39
HOU,2016-11-01,Digital,32206.81
HOU,2016-11-01,Billboard & radio,15827.92
HOU,2016-11-01,Sponsorships,14512.73
HOU,2016-12-01,TV,37296.03
HOU,2016-12-01,Digital,41121.96
HOU,2016-12-01,Billboard & radio,13461.31
HOU,2016-12-01,Sponsorships,15715.55
HOU,2017-01-01,TV,32233.66
HOU,2017-01-01,Digital,36193.68
HOU,2017-01-01,Billboard & radio,15030.48
HOU,2017-01-01,Sponsorships,15286.05
HOU,2017-02-01,TV,33822.11
HOU,2017-02-01,Digital,36820.52
HOU,2017-02-01,Billboard & radio,14087.65
HOU,2017-02-01,Sponsorships,16130.37
HOU,2017-03-01,TV,34712.36
HOU,2017-03-01,Digital,32952.11
HOU,2017-03-01,Billboard & radio,16398.66
HOU,2017-03-01,Sponsorships,15136.36
HOU,2017-04-01,TV,38817.59
HOU,2017-04-01,Digital,37601.59
HOU,2017-04-01,Billboard & radio,14581.41
HOU,2017-04-01,Sponsorships,15122.96
HOU,2017-05-01,TV,35651.96
HOU,2017-05-01,Digital,38141.92
HOU,2017-05-01,Billboard & radio,15519.74
HOU,2017-05-01,Sponsorships,15321.37
HOU,2017-06-01,TV,35083.34
HOU,2017-06-01,Digital,35347.92
HOU,2017-06-01,Billboard & radio,16178.17
HOU,2017-06-01,Sponsorships,15190.31
HOU,2017-07-01,TV,34737.61
HOU,2017-07-01,Digital,34437.26
HOU,2017-07-01,Billboard & radio,14766.98
HOU,2017-07-01,Sponsorships,14122.78
HOU,2017-08-01,TV,34107.93
HOU,2017-08-01,Digital,38092.51
HOU,2017-08-01,Billboard & radio,15030.61
HOU,2017-08-01,Sponsorships,15722.41
HOU,2017-09-01,TV,31045.45
HOU,2017-09-01,Digital,36444.48
HOU,2017-09-01,Billboard & radio,15064.97
HOU,2017-09-01,Sponsorships,14821.91
HOU,2017-10-01,TV,35758.14
HOU,2017-10-01,Digital,34558.96
HOU,2017-10-01,Billboard & radio,13574.68
HOU,2017-10-01,Sponsorships,15887.83
HOU,2017-11-01,TV,35868.1
HOU,2017-11-01,Digital,34881.23
HOU,2017-11-01,Billboard & radio,14453.8
HOU,2017-11-01,Sponsorships,14071.33
HOU,2017-12-01,TV,35834.21
HOU,2017-12-01,Digital,38296.32
HOU,2017-12-01,Billboard & radio,15341.78
HOU,2017-12-01,Sponsorships,14137.47
HOU,2018-01-01,TV,35836.38
HOU,2018-01-01,Digital,35342.98
HOU,2018-01-01,Billboard & radio,15843.63
HOU,2018-01-01,Sponsorships,15648.24
HOU,2018-02-01,TV,30147.0
HOU,2018-02-01,Digital,36403.6
HOU,2018-02-01,Billboard & radio,14425.48
HOU,2018-02-01,Sponsorships,14107.87
HOU,2018-03-01,TV,35103.55
HOU,2018-03-01,Digital,36165.69
HOU,2018-03-01,Billboard & radio,13941.57
HOU,2018-03-01,Sponsorships,15722.54
HOU,2018-04-01,TV,36790.04
HOU,2018-04-01,Digital,35520.74
HOU,2018-04-01,Billboard & radio,14528.65
HOU,2018-04-01,Sponsorships,14443.78
HOU,2018-05-01,TV,37255.32
HOU,2018-05-01,Digital,32759.8
HOU,2018-05-01,Billboard & radio,15995.83
HOU,2018-05-01,Sponsorships,15062.05
HOU,2018-06-01,TV,35267.69
HOU,2018-06-01,Digital,32410.98
HOU,2018-06-01,Billboard & radio,15076.09
HOU,2018-06-01,Sponsorships,15653.44
HOU,2018-07-01,TV,33069.55
HOU,2018-07-01,Digital,36321.02
HOU,2018-07-01,Billboard & radio,15255.09
HOU,2018-07-01,Sponsorships,14698.65
HOU,2018-08-01,TV,36951.87
HOU,2018-08-01,Digital,31535.38
HOU,2018-08-01,Billboard & radio,15450.76
HOU,2018-08-01,Sponsorships,16417.26
HOU,2018-09-01,TV,37988.9
HOU,2018-09-01,Digital,36128.19
HOU,2018-09-01,Billboard & radio,14958.41
HOU,2018-09-01,Sponsorships,14704.69
HOU,2018-10-01,TV,34900.75
HOU,2018-10-01,Digital,36401.06
HOU,2018-10-01,Billboard & radio,14574.5
HOU,2018-10-01,Sponsorships,15762.67
HOU,2018-11-01,TV,39217.19
HOU,2018-11-01,Digital,35327.85
HOU,2018-11-01,Billboard & radio,14166.6
HOU,2018-11-01,Sponsorships,14166.33
HOU,2018-12-01,TV,36813.48
HOU,2018-12-01,Digital,35331.64
HOU,2018-12-01,Billboard & radio,15853.34
HOU,2018-12-01,Sponsorships,14782.27
HOU,2019-01-01,TV,36909.26
HOU,2019-01-01,Digital,35157.01
HOU,2019-01-01,Billboard & radio,14631.25
HOU,2019-01-01,Sponsorships,14882.99
HOU,2019-02-01,TV,33316.47
HOU,2019-02-01,Digital,38962.4
HOU,2019-02-01,Billboard & radio,15114.31
HOU,2019-02-01,Sponsorships,15676.93
HOU,2019-03-01,TV,34486.24
HOU,2019-03-01,Digital,33573.62
HOU,2019-03-01,Billboard & radio,15009.9
HOU,2019-03-01,Sponsorships,16023.72
HOU,2019-04-01,TV,34514.83
HOU,2019-04-01,Digital,33895.03
HOU,2019-04-01,Billboard & radio,15305.56
HOU,2019-04-01,Sponsorships,15566.45
HOU,2019-05-01,TV,38348.42
HOU,2019-05-01,Digital,36064.3
HOU,2019-05-01,Billboard & radio,15676.53
HOU,2019-05-01,Sponsorships,15733.7
HOU,2019-06-01,TV,33394.5
HOU,2019-06-01,Digital,33730.6
HOU,2019-06-01,Billboard & radio,14364.42
HOU,2019-06-01,Sponsorships,14175.9
HOU,2019-07-01,TV,36846.96
HOU,2019-07-01,Digital,35951.43
HOU,2019-07-01,Billboard & radio,15247.87
HOU,2019-07-01,Sponsorships,13218.66
HOU,2019-08-01,TV,39079.55
HOU,2019-08-01,Digital,33852.96
HOU,2019-08-01,Billboard & radio,16745.6
HOU,2019-08-01,Sponsorships,14086.98
HOU,2019-09-01,TV,33998.03
HOU,2019-09-01,Digital,31534.33
HOU,2019-09-01,Billboard & radio,15462.49
HOU,2019-09-01,Sponsorships,14351.23
HOU,2019-10-01,TV,33536.28
HOU,2019-10-01,Digital,33005.58
HOU,2019-10-01,Billboard & radio,15777.8
HOU,2019-10-01,Sponsorships,15727.77
HOU,2019-11-01,TV,38648.2
HOU,2019-11-01,Digital,34222.51
HOU,2019-11-01,Billboard & radio,15353.67
HOU,2019-11-01,Sponsorships,14208.41
HOU,2019-12-01,TV,34843.85
HOU,2019-12-01,Digital,34518.17
HOU,2019-12-01,Billboard & radio,15540.19
HOU,2019-12-01,Sponsorships,15959.8
HOU,2020-01-01,TV,37193.55
HOU,2020-01-01,Digital,33944.14
HOU,2020-01-01,Billboard & radio,15945.71
HOU,2020-01-01,Sponsorships,15154.02
HOU,2020-02-01,TV,34862.35
HOU,2020-02-01,Digital,34182.11
HOU,2020-02-01,Billboard & radio,14762.3
HOU,2020-02-01,Sponsorships,16510.57
HOU,2020-03-01,TV,35982.19
HOU,2020-03-01,Digital,35746.89
HOU,2020-03-01,Billboard & radio,14988.36
HOU,2020-03-01,Sponsorships,17044.92
HOU,2020-04-01,TV,37749.82
HOU,2020-04-01,Digital,34159.87
HOU,2020-04-01,Billboard & radio,14979.72
HOU,2020-04-01,Sponsorships,15024.81
HOU,2020-05-01,TV,35695.97
HOU,2020-05-01,Digital,34195.02
HOU,2020-05-01,Billboard & radio,15520.73
HOU,2020-05-01,Sponsorships,16290.18
HOU,2020-06-01,TV,33109.92
HOU,2020-06-01,Digital,33438.57
HOU,2020-06-01,Billboard & radio,14820.6
HOU,2020-06-01,Sponsorships,14855.81
HOU,2020-07-01,TV,38978.53
HOU,2020-07-01,Digital,37212.4
HOU,2020-07-01,Billboard & radio,15904.59
HOU,2020-07-01,Sponsorships,14986.75
HOU,2020-08-01,TV,34930.19
HOU,2020-08-01,Digital,32865.26
HOU,2020-08-01,Billboard & radio,15781.13
HOU,2020-08-01,Sponsorships,15560.39
HOU,2020-09-01,TV,37716.13
HOU,2020-09-01,Digital,35063.94
HOU,2020-09-01,Billboard & radio,15079.84
HOU,2020-09-01,Sponsorships,15316.63
HOU,2020-10-01,TV,37017.83
HOU,2020-10-01,Digital,32832.46
HOU,2020-10-01,Billboard & radio,15746.44
HOU,2020-10-01,Sponsorships,15171.94
HOU,2020-11-01,TV,33561.73
HOU,2020-11-01,Digital,31743.84
HOU,2020-11-01,Billboard & radio,15083.87
HOU,2020-11-01,Sponsorships,16286.86
HOU,2020-12-01,TV,38404.83
HOU,2020-12-01,Digital,36067.18
HOU,2020-12-01,Billboard & radio,16677.4
HOU,2020-12-01,Sponsorships,15154.89
HOU,2021-01-01,TV,37126.63
HOU,2021-01-01,Digital,34637.98
HOU,2021-01-01,Billboard & radio,14796.73
HOU,2021-01-01,Sponsorships,14673.02
HOU,2021-02-01,TV,31786.5
HOU,2021-02-01,Digital,37718.07
HOU,2021-02-01,Billboard & radio,14700.26
HOU,2021-02-01,Sponsorships,14578.91
HOU,2021-03-01,TV,94096.74
HOU,2021-03-01,Digital,35075.4
HOU,2021-03-01,Billboard & radio,16526.65
HOU,2021-03-01,Sponsorships,16777.46
HOU,2021-04-01,TV,93244.65
HOU,2021-04-01,Digital,34809.46
HOU,2021-04-01,Billboard & radio,14402.03
HOU,2021-04-01,Sponsorships,15938.02
HOU,2021-05-01,TV,96695.31
HOU,2021-05-01,Digital,34309.58
HOU,2021-05-01,Billboard & radio,15242.61
HOU,2021-05-01,Sponsorships,14824.96
HOU,2021-06-01,TV,99047.74
HOU,2021-06-01,Digital,36406.64
HOU,2021-06-01,Billboard & radio,15696.15
HOU,2021-06-01,Sponsorships,13162.31
HOU,2021-07-01,TV,96069.16
HOU,2021-07-01,Digital,39128.69
HOU,2021-07-01,Billboard & radio,16194.53
HOU,2021-07-01,Sponsorships,13784.87
HOU,2021-08-01,TV,95632.15
HOU,2021-08-01,Digital,33308.56
HOU,2021-08-01,Billboard & radio,16486.87
HOU,2021-08-01,Sponsorships,15373.0
HOU,2021-09-01,TV,94827.06
HOU,2021-09-01,Digital,35498.02
HOU,2021-09-01,Billboard & radio,13207.53
HOU,2021-09-01,Sponsorships,14363.61
HOU,2021-10-01,TV,96252.07
HOU,2021-10-01,Digital,36935.93
HOU,2021-10-01,Billboard & radio,13713.31
HOU,2021-10-01,Sponsorships,14898.06
HOU,2021-11-01,TV,97976.54
HOU,2021-11-01,Digital,32865.71
HOU,2021-11-01,Billboard & radio,15361.54
HOU,2021-11-01,Sponsorships,15237.6
HOU,2021-12-01,TV,99225.17
HOU,2021-12-01,Digital,35029.73
HOU,2021-12-01,Billboard & radio,15057.19
HOU,2021-12-01,Sponsorships,15836.74
HOU,2022-01-01,TV,93837.38
HOU,2022-01-01,Digital,35046.12
HOU,2022-01-01,Billboard & radio,14841.43
HOU,2022-01-01,Sponsorships,15082.01
HOU,2022-02-01,TV,97690.77
HOU,2022-02-01,Digital,36419.4
HOU,2022-02-01,Billboard & radio,14618.97
HOU,2022-02-01,Sponsorships,15291.31
HOU,2022-03-01,TV,98828.38
HOU,2022-03-01,Digital,33964.42
HOU,2022-03-01,Billboard & radio,15297.74
HOU,2022-03-01,Sponsorships,15040.82
HOU,2022-04-01,TV,96075.86
HOU,2022-04-01,Digital,32548.18
HOU,2022-04-01,Billboard & radio,16258.8
HOU,2022-04-01,Sponsorships,14599.48
HOU,2022-05-01,TV,98005.57
HOU,2022-05-01,Digital,34336.5
HOU,2022-05-01,Billboard & radio,14712.51
HOU,2022-05-01,Sponsorships,16108.72
HOU,2022-06-01,TV,97948.54
HOU,2022-06-01,Digital,35807.23
HOU,2022-06-01,Billboard & radio,15765.5
HOU,2022-06-01,Sponsorships,14968.38
HOU,2022-07-01,TV,96172.67
HOU,2022-07-01,Digital,34265.18
HOU,2022-07-01,Billboard & radio,15874.02
HOU,2022-07-01,Sponsorships,14660.94
HOU,2022-08-01,TV,98819.01
HOU,2022-08-01,Digital,34877.88
HOU,2022-08-01,Billboard & radio,15203.07
HOU,2022-08-01,Sponsorships,15763.66
HOU,2022-09-01,TV,96229.78
HOU,2022-09-01,Digital,34909.64
HOU,2022-09-01,Billboard & radio,15164.7
HOU,2022-09-01,Sponsorships,15866.24
HOU,2022-10-01,TV,95013.01
HOU,2022-10-01,Digital,35213.82
HOU,2022-10-01,Billboard & radio,15195.31
HOU,2022-10-01,Sponsorships,15844.04
HOU,2022-11-01,TV,96010.59
HOU,2022-11-01,Digital,38641.58
HOU,2022-11-01,Billboard & radio,15068.63
HOU,2022-11-01,Sponsorships,15007.01
HOU,2022-12-01,TV,95884.45
HOU,2022-12-01,Digital,33104.58
HOU,2022-12-01,Billboard & radio,14400.24
HOU,2022-12-01,Sponsorships,14784.52
HOU,2023-01-01,TV,98200.05
HOU,2023-01-01,Digital,35378.8
HOU,2023-01-01,Billboard & radio,14819.47
HOU,2023-01-01,Sponsorships,16118.9
HOU,2023-02-01,TV,98935.99
HOU,2023-02-01,Digital,37661.88
HOU,2023-02-01,Billboard & radio,14539.68
HOU,2023-02-01,Sponsorships,14811.42
HOU,2023-03-01,TV,99401.21
HOU,2023-03-01,Digital,35864.77
HOU,2023-03-01,Billboard & radio,14984.27
HOU,2023-03-01,Sponsorships,15733.0
HOU,2023-04-01,TV,97972.31
HOU,2023-04-01,Digital,34424.96
HOU,2023-04-01,Billboard & radio,15354.14
HOU,2023-04-01,Sponsorships,15891.11
HOU,2023-05-01,TV,94131.62
HOU,2023-05-01,Digital,35459.37
HOU,2023-05-01,Billboard & radio,14341.26
HOU,2023-05-01,Sponsorships,14440.59
HOU,2023-06-01,TV,95189.76
HOU,2023-06-01,Digital,36282.9
HOU,2023-06-01,Billboard & radio,14942.96
HOU,2023-06-01,Sponsorships,14695.11
HOU,2023-07-01,TV,96278.85
HOU,2023-07-01,Digital,33405.23
HOU,2023-07-01,Billboard & radio,15513.12
HOU,2023-07-01,Sponsorships,16046.65
HOU,2023-08-01,TV,96047.16
HOU,2023-08-01,Digital,35078.43
HOU,2023-08-01,Billboard & radio,15471.08
HOU,2023-08-01,Sponsorships,13647.13
HOU,2023-09-01,TV,97138.67
HOU,2023-09-01,Digital,40933.65
HOU,2023-09-01,Billboard & radio,15094.34
HOU,2023-09-01,Sponsorships,15097.04
HOU,2023-10-01,TV,97505.08
HOU,2023-10-01,Digital,38352.82
HOU,2023-10-01,Billboard & radio,15927.87
HOU,2023-10-01,Sponsorships,13550.59
HOU,2023-11-01,TV,97185.77
HOU,2023-11-01,Digital,39994.64
HOU,2023-11-01,Billboard & radio,15660.17
HOU,2023-11-01,Sponsorships,14310.72
HOU,2023-12-01,TV,96686.87
HOU,2023-12-01,Digital,33168.28
HOU,2023-12-01,Billboard & radio,16123.66
HOU,2023-12-01,Sponsorships,14461.63
HOU,2024-01-01,TV,96319.05
HOU,2024-01-01,Digital,33917.62
HOU,2024-01-01,Billboard & radio,14772.54
HOU,2024-01-01,Sponsorships,16316.05
HOU,2024-02-01,TV,96370.81
HOU,2024-02-01,Digital,34446.66
HOU,2024-02-01,Billboard & radio,14317.84
HOU,2024-02-01,Sponsorships,13766.18
HOU,2024-03-01,TV,93970.39
HOU,2024-03-01,Digital,35635.88
HOU,2024-03-01,Billboard & radio,15931.87
HOU,2024-03-01,Sponsorships,14761.98
HOU,2024-04-01,TV,98970.31
HOU,2024-04-01,Digital,34166.18
HOU,2024-04-01,Billboard & radio,15006.76
HOU,2024-04-01,Sponsorships,14367.7
HOU,2024-05-01,TV,97943.01
HOU,2024-05-01,Digital,39154.03
HOU,2024-05-01,Billboard & radio,13849.62
HOU,2024-05-01,Sponsorships,14924.63
HOU,2024-06-01,TV,98428.53
HOU,2024-06-01,Digital,32873.69
HOU,2024-06-01,Billboard & radio,15617.83
HOU,2024-06-01,Sponsorships,16115.06
HOU,2024-07-01,TV,96326.11
HOU,2024-07-01,Digital,36412.5
HOU,2024-07-01,Billboard & radio,16524.69
HOU,2024-07-01,Sponsorships,16667.09
HOU,2024-08-01,TV,96077.7
HOU,2024-08-01,Digital,34494.19
HOU,2024-08-01,Billboard & radio,14488.89
HOU,2024-08-01,Sponsorships,15929.38
HOU,2024-09-01,TV,93756.89
HOU,2024-09-01,Digital,34989.97
HOU,2024-09-01,Billboard & radio,15265.48
HOU,2024-09-01,Sponsorships,14805.53
HOU,2024-10-01,TV,96683.31
HOU,2024-10-01,Digital,39981.5
HOU,2024-10-01,Billboard & radio,15095.16
HOU,2024-10-01,Sponsorships,14856.86
HOU,2024-11-01,TV,97986.54
HOU,2024-11-01,Digital,35862.01
HOU,2024-11-01,Billboard & radio,16280.5
HOU,2024-11-01,Sponsorships,15312.56
HOU,2024-12-01,TV,95747.33
HOU,2024-12-01,Digital,32276.96
HOU,2024-12-01,Billboard & radio,13957.51
HOU,2024-12-01,Sponsorships,13793.52
DAL,2013-01-01,TV,30760.07
DAL,2013-01-01,Digital,28131.35
DAL,2013-01-01,Billboard & radio,13749.7
DAL,2013-01-01,Sponsorships,12957.07
DAL,2013-02-01,TV,29818.93
DAL,2013-02-01,Digital,28913.81
DAL,2013-02-01,Billboard & radio,13340.02
DAL,2013-02-01,Sponsorships,12417.09
DAL,2013-03-01,TV,28700.2
DAL,2013-03-01,Digital,31981.17
DAL,2013-03-01,Billboard & radio,13166.9
DAL,2013-03-01,Sponsorships,12785.53
DAL,2013-04-01,TV,31155.66
DAL,2013-04-01,Digital,30200.98
DAL,2013-04-01,Billboard & radio,13185.26
DAL,2013-04-01,Sponsorships,12409.1
DAL,2013-05-01,TV,33312.51
DAL,2013-05-01,Digital,29312.64
DAL,2013-05-01,Billboard & radio,13944.05
DAL,2013-05-01,Sponsorships,12815.33
DAL,2013-06-01,TV,31405.71
DAL,2013-06-01,Digital,31295.72
DAL,2013-06-01,Billboard & radio,13679.37
DAL,2013-06-01,Sponsorships,12393.72
DAL,2013-07-01,TV,31811.04
DAL,2013-07-01,Digital,32974.47
DAL,2013-07-01,Billboard & radio,12770.16
DAL,2013-07-01,Sponsorships,12959.95
DAL,2013-08-01,TV,29397.42
DAL,2013-08-01,Digital,29664.6
DAL,2013-08-01,Billboard & radio,14044.58
DAL,2013-08-01,Sponsorships,12287.89
DAL,2013-09-01,TV,28765.49
DAL,2013-09-01,Digital,32618.95
DAL,2013-09-01,Billboard & radio,13341.5
DAL,2013-09-01,Sponsorships,14309.11
DAL,2013-10-01,TV,29507.62
DAL,2013-10-01,Digital,30378.11
DAL,2013-10-01,Billboard & radio,12510.12
DAL,2013-10-01,Sponsorships,13030.2
DAL,2013-11-01,TV,27509.72
DAL,2013-11-01,Digital,31221.35
DAL,2013-11-01,Billboard & radio,13146.75
DAL,2013-11-01,Sponsorships,12900.27
DAL,2013-12-01,TV,29598.29
DAL,2013-12-01,Digital,28836.98
DAL,2013-12-01,Billboard & radio,13408.24
DAL,2013-12-01,Sponsorships,12179.95
DAL,2014-01-01,TV,30960.14
DAL,2014-01-01,Digital,33318.63
DAL,2014-01-01,Billboard & radio,13898.45
DAL,2014-01-01,Sponsorships,11963.87
DAL,2014-02-01,TV,29377.36
DAL,2014-02-01,Digital,30823.63
DAL,2014-02-01,Billboard & radio,12892.04
DAL,2014-02-01,Sponsorships,12032.26
DAL,2014-03-01,TV,30769.09
DAL,2014-03-01,Digital,30172.38
DAL,2014-03-01,Billboard & radio,14175.83
DAL,2014-03-01,Sponsorships,12773.69
DAL,2014-04-01,TV,31950.46
DAL,2014-04-01,Digital,28274.99
DAL,2014-04-01,Billboard & radio,12272.51
DAL,2014-04-01,Sponsorships,13404.33
DAL,2014-05-01,TV,31823.26
DAL,2014-05-01,Digital,28742.44
DAL,2014-05-01,Billboard & radio,12953.08
DAL,2014-05-01,Sponsorships,12043.79
DAL,2014-06-01,TV,29913.97
DAL,2014-06-01,Digital,31450.73
DAL,2014-06-01,Billboard & radio,12656.14
DAL,2014-06-01,Sponsorships,12776.41
DAL,2014-07-01,TV,28482.22
DAL,2014-07-01,Digital,29208.88
DAL,2014-07-01,Billboard & radio,14074.78
DAL,2014-07-01,Sponsorships,12984.67
DAL,2014-08-01,TV,28674.64
DAL,2014-08-01,Digital,29712.39
DAL,2014-08-01,Billboard & radio,11904.16
DAL,2014-08-01,Sponsorships,12281.47
DAL,2014-09-01,TV,32240.76
DAL,2014-09-01,Digital,29972.44
DAL,2014-09-01,Billboard & radio,14160.57
DAL,2014-09-01,Sponsorships,12875.82
DAL,2014-10-01,TV,30133.19
DAL,2014-10-01,Digital,31154.85
DAL,2014-10-01,Billboard & radio,11208.67
DAL,2014-10-01,Sponsorships,13070.07
DAL,2014-11-01,TV,30113.56
DAL,2014-11-01,Digital,32430.49
DAL,2014-11-01,Billboard & radio,13561.53
DAL,2014-11-01,Sponsorships,12204.14
DAL,2014-12-01,TV,32062.35
DAL,2014-12-01,Digital,29791.57
DAL,2014-12-01,Billboard & radio,12352.43
DAL,2014-12-01,Sponsorships,13065.0
DAL,2015-01-01,TV,29881.45
DAL,2015-01-01,Digital,32509.62
DAL,2015-01-01,Billboard & radio,13157.84
DAL,2015-01-01,Sponsorships,13070.54
DAL,2015-02-01,TV,31546.91
DAL,2015-02-01,Digital,31837.05
DAL,2015-02-01,Billboard & radio,13444.39
DAL,2015-02-01,Sponsorships,13855.72
DAL,2015-03-01,TV,31106.23
DAL,2015-03-01,Digital,30440.55
DAL,2015-03-01,Billboard & radio,13739.09
DAL,2015-03-01,Sponsorships,12878.7
DAL,2015-04-01,TV,30237.68
DAL,2015-04-01,Digital,32786.01
DAL,2015-04-01,Billboard & radio,13986.68
DAL,2015-04-01,Sponsorships,12932.21
DAL,2015-05-01,TV,29502.92
DAL,2015-05-01,Digital,32395.98
DAL,2015-05-01,Billboard & radio,13455.27
DAL,2015-05-01,Sponsorships,13141.64
DAL,2015-06-01,TV,29701.67
DAL,2015-06-01,Digital,30688.15
DAL,2015-06-01,Billboard & radio,12923.46
DAL,2015-06-01,Sponsorships,12507.76
DAL,2015-07-01,TV,30382.27
DAL,2015-07-01,Digital,30588.12
DAL,2015-07-01,Billboard & radio,12694.67
DAL,2015-07-01,Sponsorships,13522.16
DAL,2015-08-01,TV,32132.83
DAL,2015-08-01,Digital,31651.44
DAL,2015-08-01,Billboard & radio,12758.8
DAL,2015-08-01,Sponsorships,13426.42
DAL,2015-09-01,TV,30305.17
DAL,2015-09-01,Digital,28322.3
DAL,2015-09-01,Billboard & radio,13372.67
DAL,2015-09-01,Sponsorships,13032.03
DAL,2015-10-01,TV,34102.14
DAL,2015-10-01,Digital,32387.07
DAL,2015-10-01,Billboard & radio,13397.53
DAL,2015-10-01,Sponsorships,13098.68
DAL,2015-11-01,TV,30434.62
DAL,2015-11-01,Digital,28672.56
DAL,2015-11-01,Billboard & radio,11812.59
DAL,2015-11-01,Sponsorships,12373.06
DAL,2015-12-01,TV,30115.48
DAL,2015-12-01,Digital,27009.45
DAL,2015-12-01,Billboard & radio,12585.39
DAL,2015-12-01,Sponsorships,12777.33
DAL,2016-01-01,TV,29862.34
DAL,2016-01-01,Digital,29188.71
DAL,2016-01-01,Billboard & radio,12716.58
DAL,2016-01-01,Sponsorships,14052.64
DAL,2016-02-01,TV,31186.93
DAL,2016-02-01,Digital,29341.8
DAL,2016-02-01,Billboard & radio,12893.29
DAL,2016-02-01,Sponsorships,12919.18
DAL,2016-03-01,TV,29028.37
DAL,2016-03-01,Digital,29026.59
DAL,2016-03-01,Billboard & radio,13591.18
DAL,2016-03-01,Sponsorships,12665.95
DAL,2016-04-01,TV,28535.19
DAL,2016-04-01,Digital,30122.39
DAL,2016-04-01,Billboard & radio,13013.84
DAL,2016-04-01,Sponsorships,11661.41
DAL,2016-05-01,TV,30126.0
DAL,2016-05-01,Digital,31497.61
DAL,2016-05-01,Billboard & radio,13229.39
DAL,2016-05-01,Sponsorships,14379.9
DAL,2016-06-01,TV,32075.89
DAL,2016-06-01,Digital,32374.48
DAL,2016-06-01,Billboard & radio,14748.81
DAL,2016-06-01,Sponsorships,13427.93
DAL,2016-07-01,TV,30433.63
DAL,2016-07-01,Digital,31657.24
DAL,2016-07-01,Billboard & radio,12575.74
DAL,2016-07-01,Sponsorships,13007.16
DAL,2016-08-01,TV,29209.84
DAL,2016-08-01,Digital,30788.21
DAL,2016-08-01,Billboard & radio,12515.8
DAL,2016-08-01,Sponsorships,12493.14
DAL,2016-09-01,TV,30811.59
DAL,2016-09-01,Digital,29979.64
DAL,2016-09-01,Billboard & radio,11690.63
DAL,2016-09-01,Sponsorships,11995.94
DAL,2016-10-01,TV,28455.84
DAL,2016-10-01,Digital,28854.76
DAL,2016-10-01,Billboard & radio,13205.58
DAL,2016-10-01,Sponsorships,13079.13
DAL,2016-11-01,TV,31795.41
DAL,2016-11-01,Digital,31323.76
DAL,2016-11-01,Billboard & radio,13630.89
DAL,2016-11-01,Sponsorships,13331.06
DAL,2016-12-01,TV,30503.98
DAL,2016-12-01,Digital,31846.83
DAL,2016-12-01,Billboard & radio,13532.25
DAL,2016-12-01,Sponsorships,13180.79
DAL,2017-01-01,TV,32106.02
DAL,2017-01-01,Digital,26646.83
DAL,2017-01-01,Billboard & radio,12749.61
DAL,2017-01-01,Sponsorships,12739.69
DAL,2017-02-01,TV,31927.33
DAL,2017-02-01,Digital,32559.32
DAL,2017-02-01,Billboard & radio,11999.42
DAL,2017-02-01,Sponsorships,13850.35
DAL,2017-03-01,TV,28419.35
DAL,2017-03-01,Digital,28464.98
DAL,2017-03-01,Billboard & radio,12785.95
DAL,2017-03-01,Sponsorships,12731.66
DAL,2017-04-01,TV,27835.26
DAL,2017-04-01,Digital,31168.41
DAL,2017-04-01,Billboard & radio,13376.99
DAL,2017-04-01,Sponsorships,13619.33
DAL,2017-05-01,TV,29533.25
DAL,2017-05-01,Digital,30127.75
DAL,2017-05-01,Billboard & radio,12917.82
DAL,2017-05-01,Sponsorships,14029.42
DAL,2017-06-01,TV,25909.56
DAL,2017-06-01,Digital,28743.11
DAL,2017-06-01,Billboard & radio,12941.08
DAL,2017-06-01,Sponsorships,12235.27
DAL,2017-07-01,TV,29797.6
DAL,2017-07-01,Digital,29997.2
DAL,2017-07-01,Billboard & radio,12512.06
DAL,2017-07-01,Sponsorships,12979.2
DAL,2017-08-01,TV,31135.61
DAL,2017-08-01,Digital,29830.89
DAL,2017-08-01,Billboard & radio,12644.34
DAL,2017-08-01,Sponsorships,12830.27
DAL,2017-09-01,TV,30176.28
DAL,2017-09-01,Digital,27560.71
DAL,2017-09-01,Billboard & radio,13236.07
DAL,2017-09-01,Sponsorships,12645.76
DAL,2017-10-01,TV,32091.63
DAL,2017-10-01,Digital,31079.62
DAL,2017-10-01,Billboard & radio,13694.39
DAL,2017-10-01,Sponsorships,12283.51
DAL,2017-11-01,TV,29626.94
DAL,2017-11-01,Digital,28312.16
DAL,2017-11-01,Billboard & radio,12481.33
DAL,2017-11-01,Sponsorships,13747.46
DAL,2017-12-01,TV,32432.68
DAL,2017-12-01,Digital,28454.54
DAL,2017-12-01,Billboard & radio,12641.05
DAL,2017-12-01,Sponsorships,12888.21
DAL,2018-01-01,TV,31071.4
DAL,2018-01-01,Digital,27531.29
DAL,2018-01-01,Billboard & radio,11900.56
DAL,2018-01-01,Sponsorships,13254.23
DAL,2018-02-01,TV,27245.67
DAL,2018-02-01,Digital,29513.12
DAL,2018-02-01,Billboard & radio,13042.35
DAL,2018-02-01,Sponsorships,13206.38
DAL,2018-03-01,TV,29973.59
DAL,2018-03-01,Digital,29635.44
DAL,2018-03-01,Billboard & radio,13483.83
DAL,2018-03-01,Sponsorships,13121.99
DAL,2018-04-01,TV,29210.91
DAL,2018-04-01,Digital,30244.44
DAL,2018-04-01,Billboard & radio,13185.36
DAL,2018-04-01,Sponsorships,14048.98
DAL,2018-05-01,TV,31374.36
DAL,2018-05-01,Digital,32020.72
DAL,2018-05-01,Billboard & radio,12542.51
DAL,2018-05-01,Sponsorships,12598.42
DAL,2018-06-01,TV,29832.22
DAL,2018-06-01,Digital,29970.8
DAL,2018-06-01,Billboard & radio,12285.43
DAL,2018-06-01,Sponsorships,13756.4
DAL,2018-07-01,TV,31520.81
DAL,2018-07-01,Digital,29726.12
DAL,2018-07-01,Billboard & radio,13352.61
DAL,2018-07-01,Sponsorships,13081.69
DAL,2018-08-01,TV,31273.99
DAL,2018-08-01,Digital,28158.44
DAL,2018-08-01,Billboard & radio,12843.28
DAL,2018-08-01,Sponsorships,12899.96
DAL,2018-09-01,TV,31128.81
DAL,2018-09-01,Digital,29238.95
DAL,2018-09-01,Billboard & radio,11320.36
DAL,2018-09-01,Sponsorships,12237.78
DAL,2018-10-01,TV,30095.36
DAL,2018-10-01,Digital,30283.93
DAL,2018-10-01,Billboard & radio,14026.67
DAL,2018-10-01,Sponsorships,13314.46
DAL,2018-11-01,TV,30310.56
DAL,2018-11-01,Digital,30138.61
DAL,2018-11-01,Billboard & radio,13651.77
DAL,2018-11-01,Sponsorships,12555.77
DAL,2018-12-01,TV,29975.76
DAL,2018-12-01,Digital,28543.4
DAL,2018-12-01,Billboard & radio,13855.35
DAL,2018-12-01,Sponsorships,13191.4
DAL,2019-01-01,TV,29119.58
DAL,2019-01-01,Digital,30014.74
DAL,2019-01-01,Billboard & radio,13267.18
DAL,2019-01-01,Sponsorships,12775.32
DAL,2019-02-01,TV,29380.78
DAL,2019-02-01,Digital,29199.96
DAL,2019-02-01,Billboard & radio,13156.77
DAL,2019-02-01,Sponsorships,12705.88
DAL,2019-03-01,TV,29502.61
DAL,2019-03-01,Digital,28170.88
DAL,2019-03-01,Billboard & radio,12987.72
DAL,2019-03-01,Sponsorships,12820.27
DAL,2019-04-01,TV,29702.01
DAL,2019-04-01,Digital,30487.52
DAL,2019-04-01,Billboard & radio,13421.36
DAL,2019-04-01,Sponsorships,13391.33
DAL,2019-05-01,TV,31021.77
DAL,2019-05-01,Digital,29824.24
DAL,2019-05-01,Billboard & radio,12570.72
DAL,2019-05-01,Sponsorships,12262.22
DAL,2019-06-01,TV,29292.2
DAL,2019-06-01,Digital,30217.16
DAL,2019-06-01,Billboard & radio,12428.87
DAL,2019-06-01,Sponsorships,12999.64
DAL,2019-07-01,TV,28730.26
DAL,2019-07-01,Digital,27680.44
DAL,2019-07-01,Billboard & radio,13467.55
DAL,2019-07-01,Sponsorships,12630.61
DAL,2019-08-01,TV,28924.1
DAL,2019-08-01,Digital,28536.47
DAL,2019-08-01,Billboard & radio,13211.15
DAL,2019-08-01,Sponsorships,13826.89
DAL,2019-09-01,TV,29579.11
DAL,2019-09-01,Digital,29862.13
DAL,2019-09-01,Billboard & radio,13630.71
DAL,2019-09-01,Sponsorships,11766.37
DAL,2019-10-01,TV,33156.24
DAL,2019-10-01,Digital,33876.56
DAL,2019-10-01,Billboard & radio,11186.84
DAL,2019-10-01,Sponsorships,12874.43
DAL,2019-11-01,TV,29102.34
DAL,2019-11-01,Digital,29787.86
DAL,2019-11-01,Billboard & radio,12666.86
DAL,2019-11-01,Sponsorships,13462.61
DAL,2019-12-01,TV,30017.59
DAL,2019-12-01,Digital,28812.6
DAL,2019-12-01,Billboard & radio,12826.12
DAL,2019-12-01,Sponsorships,13270.5
DAL,2020-01-01,TV,28400.82
DAL,2020-01-01,Digital,27702.72
DAL,2020-01-01,Billboard & radio,14226.56
DAL,2020-01-01,Sponsorships,12521.93
DAL,2020-02-01,TV,29980.18
DAL,2020-02-01,Digital,29587.08
DAL,2020-02-01,Billboard & radio,13292.04
DAL,2020-02-01,Sponsorships,14084.27
DAL,2020-03-01,TV,31062.84
DAL,2020-03-01,Digital,27895.72
DAL,2020-03-01,Billboard & radio,12042.15
DAL,2020-03-01,Sponsorships,12679.42
DAL,2020-04-01,TV,29782.64
DAL,2020-04-01,Digital,27588.43
DAL,2020-04-01,Billboard & radio,13467.51
DAL,2020-04-01,Sponsorships,12234.79
DAL,2020-05-01,TV,32441.45
DAL,2020-05-01,Digital,32935.52
DAL,2020-05-01,Billboard & radio,12776.91
DAL,2020-05-01,Sponsorships,13221.46
DAL,2020-06-01,TV,28328.03
DAL,2020-06-01,Digital,31128.86
DAL,2020-06-01,Billboard & radio,12615.23
DAL,2020-06-01,Sponsorships,12234.19
DAL,2020-07-01,TV,29750.79
DAL,2020-07-01,Digital,29484.51
DAL,2020-07-01,Billboard & radio,12727.16
DAL,2020-07-01,Sponsorships,13551.82
DAL,2020-08-01,TV,29002.18
DAL,2020-08-01,Digital,32806.3
DAL,2020-08-01,Billboard & radio,12080.35
DAL,2020-08-01,Sponsorships,13982.48
DAL,2020-09-01,TV,28653.2
DAL,2020-09-01,Digital,30185.97
DAL,2020-09-01,Billboard & radio,12620.4
DAL,2020-09-01,Sponsorships,12715.15
DAL,2020-10-01,TV,31397.05
DAL,2020-10-01,Digital,32451.3
DAL,2020-10-01,Billboard & radio,13707.62
DAL,2020-10-01,Sponsorships,12675.61
DAL,2020-11-01,TV,30465.61
DAL,2020-11-01,Digital,29007.05
DAL,2020-11-01,Billboard & radio,12296.09
DAL,2020-11-01,Sponsorships,12195.99
DAL,2020-12-01,TV,29527.04
DAL,2020-12-01,Digital,30564.25
DAL,2020-12-01,Billboard & radio,11700.79
DAL,2020-12-01,Sponsorships,12907.51
DAL,2021-01-01,TV,32475.75
DAL,2021-01-01,Digital,31880.88
DAL,2021-01-01,Billboard & radio,12558.96
DAL,2021-01-01,Sponsorships,12033.9
DAL,2021-02-01,TV,30881.56
DAL,2021-02-01,Digital,26689.63
DAL,2021-02-01,Billboard & radio,13655.63
DAL,2021-02-01,Sponsorships,12799.34
DAL,2021-03-01,TV,32951.62
DAL,2021-03-01,Digital,27580.86
DAL,2021-03-01,Billboard & radio,13531.43
DAL,2021-03-01,Sponsorships,12872.48
DAL,2021-04-01,TV,29687.82
DAL,2021-04-01,Digital,28119.89
DAL,2021-04-01,Billboard & radio,13322.87
DAL,2021-04-01,Sponsorships,13374.88
DAL,2021-05-01,TV,32881.93
DAL,2021-05-01,Digital,31709.03
DAL,2021-05-01,Billboard & radio,12553.32
DAL,2021-05-01,Sponsorships,12288.13
DAL,2021-06-01,TV,28121.93
DAL,2021-06-01,Digital,32411.15
DAL,2021-06-01,Billboard & radio,12434.12
DAL,2021-06-01,Sponsorships,13895.02
DAL,2021-07-01,TV,30980.03
DAL,2021-07-01,Digital,30685.45
DAL,2021-07-01,Billboard & radio,12738.99
DAL,2021-07-01,Sponsorships,13364.87
DAL,2021-08-01,TV,30164.15
DAL,2021-08-01,Digital,29630.22
DAL,2021-08-01,Billboard & radio,13387.73
DAL,2021-08-01,Sponsorships,12844.37
DAL,2021-09-01,TV,28982.51
DAL,2021-09-01,Digital,31092.86
DAL,2021-09-01,Billboard & radio,12896.11
DAL,2021-09-01,Sponsorships,13253.76
DAL,2021-10-01,TV,29502.46
DAL,2021-10-01,Digital,28362.48
DAL,2021-10-01,Billboard & radio,14059.88
DAL,2021-10-01,Sponsorships,13937.96
DAL,2021-11-01,TV,31521.46
DAL,2021-11-01,Digital,29602.15
DAL,2021-11-01,Billboard & radio,12743.23
DAL,2021-11-01,Sponsorships,13831.69
DAL,2021-12-01,TV,29653.44
DAL,2021-12-01,Digital,29232.74
DAL,2021-12-01,Billboard & radio,14148.6
DAL,2021-12-01,Sponsorships,12906.66
DAL,2022-01-01,TV,32856.72
DAL,2022-01-01,Digital,28076.8
DAL,2022-01-01,Billboard & radio,13272.7
DAL,2022-01-01,Sponsorships,14277.23
DAL,2022-02-01,TV,30232.41
DAL,2022-02-01,Digital,29789.02
DAL,2022-02-01,Billboard & radio,12182.11
DAL,2022-02-01,Sponsorships,13637.64
DAL,2022-03-01,TV,29025.09
DAL,2022-03-01,Digital,30044.4
DAL,2022-03-01,Billboard & radio,12138.93
DAL,2022-03-01,Sponsorships,13944.62
DAL,2022-04-01,TV,31930.66
DAL,2022-04-01,Digital,30139.83
DAL,2022-04-01,Billboard & radio,12190.91
DAL,2022-04-01,Sponsorships,13931.04
DAL,2022-05-01,TV,29635.17
DAL,2022-05-01,Digital,28519.33
DAL,2022-05-01,Billboard & radio,11797.63
DAL,2022-05-01,Sponsorships,12519.64
DAL,2022-06-01,TV,27991.91
DAL,2022-06-01,Digital,29247.43
DAL,2022-06-01,Billboard & radio,13419.04
DAL,2022-06-01,Sponsorships,12694.66
DAL,2022-07-01,TV,30724.37
DAL,2022-07-01,Digital,29095.72
DAL,2022-07-01,Billboard & radio,12979.66
DAL,2022-07-01,Sponsorships,14180.08
DAL,2022-08-01,TV,29661.5
DAL,2022-08-01,Digital,30767.75
DAL,2022-08-01,Billboard & radio,11924.8
DAL,2022-08-01,Sponsorships,13920.82
DAL,2022-09-01,TV,29467.22
DAL,2022-09-01,Digital,31773.15
DAL,2022-09-01,Billboard & radio,12857.82
DAL,2022-09-01,Sponsorships,13333.12
DAL,2022-10-01,TV,31200.31
DAL,2022-10-01,Digital,29504.6
DAL,2022-10-01,Billboard & radio,13643.83
DAL,2022-10-01,Sponsorships,12446.53
DAL,2022-11-01,TV,31361.69
DAL,2022-11-01,Digital,29598.53
DAL,2022-11-01,Billboard & radio,13163.62
DAL,2022-11-01,Sponsorships,12638.65
DAL,2022-12-01,TV,30262.93
DAL,2022-12-01,Digital,28565.38
DAL,2022-12-01,Billboard & radio,13097.64
DAL,2022-12-01,Sponsorships,12966.08
DAL,2023-01-01,TV,29372.21
DAL,2023-01-01,Digital,30104.44
DAL,2023-01-01,Billboard & radio,13024.18
DAL,2023-01-01,Sponsorships,12538.79
DAL,2023-02-01,TV,29993.16
DAL,2023-02-01,Digital,28669.75
DAL,2023-02-01,Billboard & radio,14454.9
DAL,2023-02-01,Sponsorships,13622.62
DAL,2023-03-01,TV,30599.7
DAL,2023-03-01,Digital,31956.66
DAL,2023-03-01,Billboard & radio,11657.17
DAL,2023-03-01,Sponsorships,11283.0
DAL,2023-04-01,TV,29584.82
DAL,2023-04-01,Digital,28106.73
DAL,2023-04-01,Billboard & radio,12784.45
DAL,2023-04-01,Sponsorships,13070.53
DAL,2023-05-01,TV,31576.75
DAL,2023-05-01,Digital,28469.43
DAL,2023-05-01,Billboard & radio,13196.01
DAL,2023-05-01,Sponsorships,12946.81
DAL,2023-06-01,TV,30712.02
DAL,2023-06-01,Digital,29402.97
DAL,2023-06-01,Billboard & radio,13832.22
DAL,2023-06-01,Sponsorships,12870.54
DAL,2023-07-01,TV,32865.41
DAL,2023-07-01,Digital,28994.51
DAL,2023-07-01,Billboard & radio,13418.02
DAL,2023-07-01,Sponsorships,12898.9
DAL,2023-08-01,TV,29692.81
DAL,2023-08-01,Digital,31141.9
DAL,2023-08-01,Billboard & radio,12743.97
DAL,2023-08-01,Sponsorships,11215.54
DAL,2023-09-01,TV,25564.48
DAL,2023-09-01,Digital,32108.06
DAL,2023-09-01,Billboard & radio,13733.32
DAL,2023-09-01,Sponsorships,14158.37
DAL,2023-10-01,TV,30161.04
DAL,2023-10-01,Digital,28236.43
DAL,2023-10-01,Billboard & radio,12666.08
DAL,2023-10-01,Sponsorships,12944.89
DAL,2023-11-01,TV,28667.5
DAL,2023-11-01,Digital,32675.82
DAL,2023-11-01,Billboard & radio,14386.18
DAL,2023-11-01,Sponsorships,13246.89
DAL,2023-12-01,TV,30171.1
DAL,2023-12-01,Digital,28232.91
DAL,2023-12-01,Billboard & radio,13937.85
DAL,2023-12-01,Sponsorships,12986.86
DAL,2024-01-01,TV,29751.04
DAL,2024-01-01,Digital,30913.77
DAL,2024-01-01,Billboard & radio,12558.62
DAL,2024-01-01,Sponsorships,13032.51
DAL,2024-02-01,TV,28010.28
DAL,2024-02-01,Digital,31828.32
DAL,2024-02-01,Billboard & radio,12869.96
DAL,2024-02-01,Sponsorships,13687.1
DAL,2024-03-01,TV,29883.91
DAL,2024-03-01,Digital,29981.92
DAL,2024-03-01,Billboard & radio,12153.28
DAL,2024-03-01,Sponsorships,13428.97
DAL,2024-04-01,TV,28865.53
DAL,2024-04-01,Digital,29453.31
DAL,2024-04-01,Billboard & radio,12938.18
DAL,2024-04-01,Sponsorships,13015.92
DAL,2024-05-01,TV,27612.36
DAL,2024-05-01,Digital,29839.13
DAL,2024-05-01,Billboard & radio,13451.91
DAL,2024-05-01,Sponsorships,12692.76
DAL,2024-06-01,TV,29848.3
DAL,2024-06-01,Digital,30432.63
DAL,2024-06-01,Billboard & radio,12856.02
DAL,2024-06-01,Sponsorships,12270.89
DAL,2024-07-01,TV,30132.64
DAL,2024-07-01,Digital,31687.93
DAL,2024-07-01,Billboard & radio,12257.52
DAL,2024-07-01,Sponsorships,12695.26
DAL,2024-08-01,TV,28102.1
DAL,2024-08-01,Digital,31608.4
DAL,2024-08-01,Billboard & radio,12877.76
DAL,2024-08-01,Sponsorships,12387.53
DAL,2024-09-01,TV,30326.76
DAL,2024-09-01,Digital,28370.82
DAL,2024-09-01,Billboard & radio,12268.96
DAL,2024-09-01,Sponsorships,11992.98
DAL,2024-10-01,TV,28577.33
DAL,2024-10-01,Digital,32236.23
DAL,2024-10-01,Billboard & radio,12463.26
DAL,2024-10-01,Sponsorships,13239.09
DAL,2024-11-01,TV,28925.21
DAL,2024-11-01,Digital,31333.92
DAL,2024-11-01,Billboard & radio,12273.75
DAL,2024-11-01,Sponsorships,12962.88
DAL,2024-12-01,TV,30267.27
DAL,2024-12-01,Digital,33701.03
DAL,2024-12-01,Billboard & radio,13345.31
DAL,2024-12-01,Sponsorships,12553.97
